spotify_track_id	track_name	artist_name	popularity	acousticness	danceability	duration_ms	energy	instrumentalness	key	liveness	loudness	mode	speechiness	tempo	valence
5JN0dpZxu1EPljO8AyfcoV	Waves of Blue	Majid Jordan	56	0.00743	0.652	208747.0	0.861	2.25e-05	6.0	0.337	-4.863	0.0	0.0565	99.983	0.333
6krYS8KtmNAYyb5uTZiYW4	Dawn FM	The Weeknd	66	0.674	0.28	96240.0	0.478	5.85e-05	9.0	0.483	-8.755	0.0	0.037	111.65	0.0807
1nH2PkJL1XoUq8oE6tBZoU	Sacrifice	The Weeknd	82	0.0296	0.735	188918.0	0.795	3.18e-05	11.0	0.0678	-6.523	0.0	0.113	122.0	0.905
2Ghp894n1laIf2w98VeAOJ	How Do I Make You Love Me?	The Weeknd	73	0.0203	0.805	214215.0	0.498	2.37e-05	7.0	0.085	-7.927	0.0	0.0737	121.006	0.636
69w5X6uTrOaWM32IetSzvO	Daydreaming	Harry Styles	88	0.311	0.707	187342.0	0.811	0.0152	4.0	0.131	-5.298	0.0	0.0304	113.971	0.899
3D74AslVbd3wUNTn5Lu89p	Summer of Our Lives	waykap	41	0.0588	0.659	183872.0	0.592	0.0	11.0	0.145	-8.908	0.0	0.0387	110.014	0.284
1NhjYYcYTRywc0di98xHxf	Here We Go… Again (feat. Tyler, the Creator)	The Weeknd	73	0.345	0.469	209778.0	0.623	0.0	1.0	0.588	-4.432	1.0	0.0302	134.943	0.198
0JbTQZMakJrh7EqKSL3nqf	Dreaming Out Loud	Middle And End	38	0.00152	0.735	192547.0	0.761	7.8e-06	0.0	0.0477	-5.344	1.0	0.0271	114.988	0.873
4dCvpuSQ5h3985ePrb8jpy	Another Lifetime	St. Lucia	32	0.123	0.56	277107.0	0.719	0.00121	7.0	0.107	-6.319	1.0	0.0282	106.001	0.42
4quLpz1QLRBf6OfC0zNoSu	What I Want (feat. BROODS)	Flight Facilities	43	0.448	0.516	210314.0	0.203	0.000252	4.0	0.139	-11.015	1.0	0.172	93.17	0.634
6a4GH1gljLL7VvmO9u5O92	Don’t Break My Heart	The Weeknd	69	0.31	0.767	205469.0	0.618	0.0	10.0	0.179	-7.163	1.0	0.032	121.959	0.243
2SLwbpExuoBDZBpjfefCtV	Out of Time	The Weeknd	83	0.255	0.65	214194.0	0.76	0.0	0.0	0.339	-4.422	0.0	0.0446	93.057	0.838
4lRXXv5Cmi5gNK0iGRSQr0	Separate World	St. Lucia	36	0.0324	0.515	292720.0	0.934	0.0257	9.0	0.139	-5.605	1.0	0.0378	148.03	0.501
1E5Xu8dur0fAjSP1VpVhAZ	Best Friends	The Weeknd	72	0.436	0.737	163504.0	0.564	0.0	4.0	0.351	-7.045	0.0	0.105	90.0	0.528
2D4dV2KXDTszzJ3p3cFqhA	Less Than Zero	The Weeknd	76	0.00096	0.535	211814.0	0.791	0.000155	0.0	0.0788	-5.55	1.0	0.0327	142.981	0.5
2vgUijXOTRMnWXDtvgMp2b	Take My Breath	The Weeknd	74	0.0128	0.698	339023.0	0.769	0.00166	8.0	0.238	-7.154	1.0	0.0368	121.02	0.354
6zzdyvVWjGrQBraSvuqJPY	Starry Eyes	The Weeknd	69	0.465	0.309	148000.0	0.418	7.58e-05	9.0	0.295	-8.622	0.0	0.031	134.23	0.146
5XbA7TAqsD0fj0dGBrbb0D	I Heard You’re Married (feat. Lil Wayne)	The Weeknd	73	0.103	0.736	263642.0	0.848	0.0	9.0	0.299	-5.494	0.0	0.171	109.946	0.784
0mL82sxCRjrs3br407IdJh	Is There Someone Else?	The Weeknd	81	0.0388	0.702	199111.0	0.586	7.27e-05	9.0	0.156	-7.83	0.0	0.0313	134.951	0.608
2lBExcAjBgX7Jb480goU9B	Stars Align (with Drake)	Majid Jordan	70	0.021	0.763	260520.0	0.667	2.4e-05	2.0	0.0715	-6.285	1.0	0.085	95.864	0.75
3vJcz8exedHCjQ9ed95NqU	Every Angel is Terrifying	The Weeknd	64	0.109	0.447	167256.0	0.959	2.75e-05	0.0	0.0498	-5.59	1.0	0.348	118.167	0.46
50fSJw5yA1wTjvRTBw3nnp	Undress Me Now	Morcheeba	47	0.7	0.576	203773.0	0.352	0.27	7.0	0.16	-10.773	0.0	0.0268	95.484	0.36
41oqEfmwlZQyMPdkE16sE8	Life Is Good feat. Mos Def	DJ DECKSTREAM	27	0.0231	0.56	254093.0	0.865	0.0	7.0	0.13	-3.996	1.0	0.201	92.904	0.749
6TZFNPSXXXBakzy5oUDQhc	Out of Time	The Weeknd	62	0.244	0.629	214191.0	0.763	0.0	0.0	0.312	-4.279	0.0	0.0453	93.023	0.809
4hFMRhstDgryaAzsoA3Mih	Mama Saturn	Tanerélle	52	0.735	0.613	218881.0	0.236	2.42e-06	6.0	0.0952	-18.027	0.0	0.102	78.814	0.198
50cBJmEmPC0eOoFdawXSrD	"Disappointed - 2006 Remaster 7"" Single Mix"	Electronic	39	0.0712	0.547	263067.0	0.97	0.000796	0.0	0.702	-6.445	0.0	0.0438	125.822	0.692
25Imj6f1bElz4ioWIu0dTG	Heavy Weather	The Rubens	37	0.127	0.615	205040.0	0.878	0.0	8.0	0.345	-4.024	0.0	0.0341	89.97	0.662
5wyFsVGDdrOZM0nf2D4p8f	Out of Time - KAYTRANADA Remix / Radio Edit	The Weeknd	49	0.121	0.749	155556.0	0.676	1.82e-06	5.0	0.103	-8.413	0.0	0.356	107.908	0.672
5Ii750a5kcwanAaBfrOlZM	Sailing	Christopher Cross	51	0.638	0.319	256920.0	0.398	0.000245	9.0	0.25	-11.097	1.0	0.0381	73.647	0.161
4j6kId9QIqhoXvqHKgSKa0	Grapejuice	Harry Styles	89	0.357	0.645	191959.0	0.721	0.143	5.0	0.204	-4.394	1.0	0.0336	182.928	0.88
4Rrj1QxDqsj28gv9SiHQRA	Out of Time - KAYTRANADA Remix	The Weeknd	67	0.0962	0.742	275556.0	0.599	0.000578	1.0	0.0981	-8.796	1.0	0.297	108.283	0.573
5BQHyj5Pb3dUY8W6TSjeTF	Waves of Blue	Majid Jordan	59	0.00743	0.652	208747.0	0.861	2.25e-05	6.0	0.337	-4.863	0.0	0.0565	99.983	0.333
1ne9wOtDF2jM6Cm8WBkaER	Rocky Mountain High	John Denver	66	0.314	0.455	283640.0	0.437	0.0	4.0	0.501	-11.411	1.0	0.0278	81.396	0.724
2wtwGFoN5EhuYbbrVQDsQB	Dancing on a Dream (feat. Swae Lee)	Majid Jordan	52	0.00294	0.632	199000.0	0.904	0.0	7.0	0.301	-5.211	0.0	0.0377	102.038	0.524
02adJbZO7bHXJjboTwph45	Good Good	Tanerélle	50	0.386	0.554	225542.0	0.28	0.124	5.0	0.109	-12.15	0.0	0.043	116.285	0.127
5BfMJ6iytQnu1r7iiCYSXe	Intro	Khalid	54	0.308	0.213	213253.0	0.414	0.0257	0.0	0.0912	-9.725	1.0	0.0339	79.556	0.0553
1NlK2NtpuUazpziLhnJwEV	Phantom Regret by Jim	The Weeknd	63	0.75	0.394	179580.0	0.519	0.195	9.0	0.129	-11.042	0.0	0.0465	110.113	0.241
3KyKxJ4P3pVCgaZwaq2rUC	Gasoline	The Weeknd	74	0.000582	0.728	212166.0	0.741	0.00206	6.0	0.33	-7.075	0.0	0.0473	123.006	0.31
6ouv16a31Ye7CouHrXL1I1	Let's Get It On - Flight Facilities Remix	Marvin Gaye	59	0.0226	0.731	392752.0	0.752	2.92e-05	8.0	0.123	-4.724	1.0	0.0325	98.986	0.498
30ucZwV9PW1lwhIm3nuFCf	Masterpiece	The Rubens	48	0.55	0.596	216880.0	0.895	0.0	6.0	0.15	-3.813	1.0	0.0518	105.048	0.578
556Fdf9iUVDA2aSUDzlkNV	All Right	Christopher Cross	38	0.18	0.724	258716.0	0.471	0.0	6.0	0.129	-11.914	0.0	0.0371	132.714	0.559
5qydi00LDnZnQ2OUoQBJEE	()	St. Lucia	29	0.919	0.329	66067.0	0.31	0.0757	4.0	0.0925	-12.281	0.0	0.0452	116.461	0.249
62leJoS03BiNzdoQmb9ByN	Ride Like the Wind	Christopher Cross	47	0.347	0.669	275507.0	0.707	0.000716	0.0	0.0997	-13.66	0.0	0.0478	124.335	0.806
6GatnDEhYQLOdRzdVbJaky	Her	Majid Jordan	59	0.00372	0.675	300729.0	0.5	0.00268	1.0	0.114	-6.6	1.0	0.0516	90.029	0.0709
6aUfT9QOcTHhxLNrf1aVR8	Get Your Wish	Porter Robinson	54	0.0983	0.541	218510.0	0.685	0.0	11.0	0.124	-5.844	1.0	0.051	95.008	0.442
2CgOd0Lj5MuvOqzqdaAXtS	Shelter	Porter Robinson	66	0.00293	0.276	218965.0	0.796	0.0	0.0	0.184	-4.499	1.0	0.0579	199.526	0.26
6jdOi5U5LBzQrc4c1VT983	Hold On, We're Going Home	Drake	74	0.00411	0.773	227880.0	0.414	3.4e-05	6.0	0.0733	-7.436	0.0	0.0961	99.993	0.289
0RtbpiHj5nScRUEdzit5Xs	Line Of Fire	Junip	31	0.503	0.486	339293.0	0.742	0.525	2.0	0.112	-8.037	1.0	0.0417	90.366	0.274
0FY7UxilhsywJ5Dz2UBYV6	Collapse	Vancouver Sleep Clinic	26	0.592	0.681	221864.0	0.208	0.00402	0.0	0.117	-14.483	0.0	0.0387	130.021	0.156
3XWgwgbWDI56mf1Wl3cLzb	Buffalo Stance	Neneh Cherry	56	0.0113	0.708	342360.0	0.627	3.13e-05	1.0	0.338	-11.155	1.0	0.0614	107.246	0.764
6utJDOqzWj8FggDp1R2Wi2	Being Boring - 2018 Remaster	Pet Shop Boys	30	0.105	0.629	410560.0	0.75	0.627	8.0	0.0622	-10.505	0.0	0.0395	119.79	0.21
5HNCy40Ni5BZJFw1TKzRsC	Comfortably Numb	Pink Floyd	73	0.15	0.472	382297.0	0.366	0.312	11.0	0.0837	-12.595	0.0	0.0286	127.163	0.171
6MowG7MRVgPfGlCMsXKMJ2	Bird Set Free	Sia	66	0.0115	0.438	252440.0	0.805	0.000667	5.0	0.133	-4.284	0.0	0.0728	150.174	0.31
7k4t7uLgtOxPwTpFmtJNTY	Tusa	KAROL G	79	0.295	0.803	200960.0	0.715	0.000134	2.0	0.0574	-3.28	1.0	0.298	101.085	0.574
0UldHegZYf4q7bYDSGBZhq	Beautiful	Rhye	52	0.112	0.817	262533.0	0.306	0.163	10.0	0.158	-11.959	1.0	0.0535	91.014	0.402
6Y46tOTRhkBamosyuWa6YX	LA FAMA (with The Weeknd)	ROSALÍA	76	0.947	0.766	188107.0	0.295	4.44e-05	0.0	0.119	-7.893	0.0	0.0464	136.016	0.805
4a5pNRjwmzYQuEY1E7O6pj	Breakfast In America - 2010 Remastered	Supertramp	71	0.425	0.532	159347.0	0.663	1.07e-06	0.0	0.0734	-5.886	0.0	0.0292	75.14	0.756
3oCghu20Kto5Xcu8Pg0cit	Elegí (feat. Farruko, Anuel AA, Sech, Dímelo Flow & Justin Quiles) - Remix	Rauw Alejandro	59	0.16	0.788	325692.0	0.629	0.000828	0.0	0.0598	-4.727	1.0	0.0883	172.044	0.738
6KuqAtoeVzxAYOaMveLNpH	Dura	Daddy Yankee	72	0.174	0.783	200480.0	0.84	0.0	1.0	0.412	-3.416	1.0	0.051	95.001	0.839
1CGFyZ5fSRo0DhIJOLdHVM	One Million Bullets	Sia	48	0.102	0.365	252067.0	0.717	0.0	9.0	0.467	-4.113	0.0	0.0521	171.827	0.204
25R5Tdr4K7ENb6umHzdCXn	Alive	Sia	63	0.254	0.508	263520.0	0.762	0.000122	6.0	0.108	-4.217	0.0	0.0489	99.963	0.444
43qI4qvvnni002xN53AEvK	Agua	Bomba Estéreo	44	0.734	0.576	200667.0	0.56	0.00335	11.0	0.19	-9.128	0.0	0.135	156.056	0.279
46IZ0fSY2mpAiktS3KOqds	Easy On Me	Adele	84	0.578	0.604	224695.0	0.366	0.0	5.0	0.133	-7.519	1.0	0.0282	141.981	0.13
6Xom58OOXk2SoU711L2IXO	Moscow Mule	Bad Bunny	97	0.294	0.804	245940.0	0.674	1.18e-06	5.0	0.115	-5.453	0.0	0.0333	99.968	0.292
5YUyW9opqNsMSEzzecZih1	X	Nicky Jam	76	0.0338	0.594	172854.0	0.749	0.00106	9.0	0.3	-5.298	0.0	0.056	179.968	0.694
2vvdTrdryjsl8DmPIMDWZU	EL BAÑO (feat. Bad Bunny)	Enrique Iglesias	64	0.259	0.71	214520.0	0.888	0.0	6.0	0.0969	-3.036	0.0	0.0382	90.009	0.626
3Wmti6IwvJ2aKeTm9YrZO7	Space Between	Sia	44	0.676	0.238	287773.0	0.501	0.00111	8.0	0.096	-7.147	1.0	0.0359	101.479	0.109
24YLHalbl2ePQbEXiKqKcP	VUDÚ	Lunay	64	0.143	0.823	231766.0	0.739	2.0e-06	6.0	0.0788	-3.825	1.0	0.062	167.969	0.725
0atfY1ew83Ql9nNnJiD2t5	Bonita	J Balvin	71	0.0132	0.775	265747.0	0.867	0.00684	5.0	0.278	-1.582	0.0	0.0414	96.038	0.869
3S4px9f4lceWdKf0gWciFu	Cheap Thrills	Sia	71	0.0472	0.628	211667.0	0.698	0.00143	6.0	0.0907	-5.608	0.0	0.105	89.976	0.732
2cRtuTadVm0JzoW4NNTIqI	Candy	Plan B	66	0.245	0.897	207500.0	0.867	0.0	11.0	0.529	-3.733	0.0	0.109	96.003	0.594
3JsA2sWDNR9oQogGAzqqtH	Open	Rhye	62	0.896	0.551	217053.0	0.324	0.0873	0.0	0.277	-10.962	1.0	0.0314	90.957	0.231
4XRqSc6PQXZrkhzZHkfRb2	Dale Pal Piso (feat. Jowell y Randy & Ñengo Flow)	Watussi	55	0.095	0.898	237307.0	0.812	0.0	1.0	0.097	-3.792	1.0	0.143	95.031	0.813
5YJ4BVvTFmVCxUyhKejHfR	Pa' Que Retozen	Tego Calderon	78	0.4	0.815	151667.0	0.856	8.34e-05	1.0	0.244	-3.825	0.0	0.122	91.995	0.872
2dMmMkZ7SEqFbzTJx4DijY	House On Fire	Sia	52	0.000425	0.523	241120.0	0.782	0.106	1.0	0.135	-6.01	0.0	0.054	179.967	0.247
73Mfgc0HTZeNCoNrDI46sJ	Move Your Body	Sia	59	0.00117	0.617	247213.0	0.842	0.261	10.0	0.131	-4.062	0.0	0.034	127.955	0.36
1yvMUkIOTeUNtNWlWRgANS	Unstoppable	Sia	81	0.112	0.468	217747.0	0.779	0.000373	9.0	0.101	-4.839	1.0	0.0779	173.799	0.26
4Vw3UGCAUQetVTmNdh6W5d	Reaper	Sia	54	0.0355	0.567	219773.0	0.773	0.00011	6.0	0.0901	-3.344	1.0	0.0451	82.947	0.731
69vlMrzHwATKzupwNcUPyK	La Santa	Bad Bunny	85	0.0326	0.744	206420.0	0.868	0.0	1.0	0.0822	-4.524	1.0	0.047	93.037	0.586
7BAk4jJtHKJuo4H05dKSM1	delicate creature	iogi	49	0.22	0.844	272694.0	0.576	0.0906	1.0	0.068	-6.406	1.0	0.0305	95.011	0.873
4kroNlz8BTfswE4M0i3YCh	HENTAI	ROSALÍA	70	0.879	0.583	162907.0	0.297	0.0	7.0	0.127	-11.273	0.0	0.406	124.279	0.291
35UUpTmrcFXNIVIN26ujXl	Relación - Remix	Sech	77	0.0337	0.793	247308.0	0.771	1.51e-06	5.0	0.284	-3.417	1.0	0.0959	171.943	0.835
70AYiGbc4mWZGEqiipBBDb	CANDY	ROSALÍA	78	0.885	0.638	193480.0	0.49	0.0116	4.0	0.156	-5.726	0.0	0.226	179.905	0.403
1ahCrpeTt94LL7y1aXw0Y8	Linda	Tokischa	72	0.0685	0.891	144019.0	0.751	0.000598	2.0	0.19	-3.15	1.0	0.124	115.046	0.711
2FYGZDfsAnNsrm1gVbyKnG	SAOKO	ROSALÍA	77	0.79	0.827	137533.0	0.768	2.45e-05	0.0	0.497	-5.702	1.0	0.265	99.988	0.734
5n8x10liZsZ61MkdTihlmj	Siembra	Bomba Estéreo	40	0.742	0.693	258447.0	0.667	0.239	0.0	0.657	-5.311	1.0	0.0363	110.978	0.555
7sFYVcKSb24qg0dAkqLEFj	Mi Cama	KAROL G	64	0.222	0.826	151400.0	0.815	6.96e-05	9.0	0.0964	-4.773	1.0	0.0875	163.073	0.68
43qcs9NpJhDxtG91zxFkj7	Fiel - Remix	Wisin	75	0.398	0.839	349547.0	0.711	2.02e-06	6.0	0.118	-4.733	0.0	0.0473	97.99	0.573
6vakABC8veui722qtIXy18	Yo Voy A Llegar	DJ Nelson	51	0.288	0.748	225348.0	0.769	0.00135	2.0	0.162	-9.11	1.0	0.0508	94.996	0.717
2ONIJ40u0Attbm3miIIpNO	Cheap Thrills (feat. Sean Paul)	Sia	64	0.0599	0.592	224493.0	0.788	2.54e-06	6.0	0.125	-4.924	0.0	0.201	89.949	0.755
7xHWNBFm6ObGEQPaUxHuKO	The Greatest (feat. Kendrick Lamar)	Sia	70	0.0102	0.668	210227.0	0.725	0.000479	1.0	0.0561	-6.127	1.0	0.266	191.944	0.729
1KCazUFsaIjJc6b3OP05TA	Pleasure Centre	Kraak & Smaak	36	0.0019	0.731	218926.0	0.659	0.813	5.0	0.119	-7.293	1.0	0.0399	111.989	0.698
2TY7KC1GXXjtfD5IOxNCGx	Cuarta Nivel	Zion	42	0.0503	0.768	242129.0	0.726	7.53e-05	2.0	0.0528	-8.243	1.0	0.129	176.023	0.551
5dg7bnBMVAEtXHkF4UZQlu	Yo Quiero Bailar	Ivy Queen	62	0.278	0.736	184467.0	0.848	0.0	5.0	0.0854	-5.242	1.0	0.102	94.959	0.69
5yMXpZhVnUAFT154F3MQ8G	Bolero Falaz	Aterciopelados	65	0.159	0.684	225240.0	0.746	4.58e-06	4.0	0.0874	-6.409	1.0	0.0296	112.237	0.662
2TH65lNHgvLxCKXM3apjxI	Callaita	Bad Bunny	81	0.6	0.61	250534.0	0.624	2.12e-06	2.0	0.243	-4.773	1.0	0.309	176.169	0.244
614NVFo5csQqRnryl4jXs2	El Telefono	"Héctor ""El Father"""	71	0.171	0.808	235627.0	0.682	1.42e-06	2.0	0.464	-7.128	1.0	0.0963	89.987	0.491
7LNAzNyUgpZklrVCVwg70i	Footprints	Sia	48	0.027	0.557	193133.0	0.759	0.000626	1.0	0.318	-4.986	0.0	0.0346	92.986	0.187
3FWAWggrMlMaSuBrf5cgKP	Machucando	Daddy Yankee	55	0.241	0.84	178787.0	0.843	9.97e-06	8.0	0.232	-4.129	1.0	0.0632	93.973	0.774
3AwscQQi2ATJxOEwxzjv7A	Hangmat	Jungle by Night	41	0.373	0.476	382560.0	0.613	0.895	7.0	0.229	-8.612	0.0	0.0363	185.438	0.732
6Sq7ltF9Qa7SNFBsV5Cogx	Me Porto Bonito	Bad Bunny	99	0.0901	0.911	178567.0	0.712	2.68e-05	1.0	0.0933	-5.105	0.0	0.0817	92.005	0.425
4wlUYFkMPKCjyslNWZzabF	Duele	Bomba Estéreo	44	0.0194	0.766	224094.0	0.82	0.0	4.0	0.152	-4.26	0.0	0.172	144.947	0.528
4gLslbkY5PfwLd6knc7gqk	Fall of the Star High School Running Back	The Mountain Goats	36	0.815	0.507	109267.0	0.513	0.000297	2.0	0.277	-9.551	1.0	0.0706	165.679	0.883
2hnMS47jN0etwvFPzYk11f	Santeria	Sublime	78	0.0268	0.682	182747.0	0.765	3.42e-05	1.0	0.188	-5.021	0.0	0.0395	90.807	0.567
0WQiDwKJclirSYG9v5tayI	There Is a Light That Never Goes Out - 2011 Remaster	The Smiths	76	0.04	0.523	244587.0	0.769	0.0	4.0	0.136	-5.855	1.0	0.0269	136.162	0.876
1vpVrdNn76ngdvRVeHkq1J	Collapsing Stars	The Mountain Goats	18	0.431	0.786	149040.0	0.219	1.28e-05	9.0	0.13	-12.204	0.0	0.182	115.785	0.541
03ZwNF6FTvazNuOXNQf8k8	The Queen Is Dead - 2011 Remaster	The Smiths	53	0.00106	0.513	387147.0	0.898	0.0212	4.0	0.791	-6.242	1.0	0.0524	140.452	0.61
6Rg82S9vW3Q91ZZaRjwmen	Until I Am Whole	The Mountain Goats	25	0.631	0.764	168893.0	0.238	0.171	0.0	0.117	-13.31	1.0	0.0454	116.327	0.423
7wCmS9TTVUcIhRalDYFgPy	Where Is My Mind? - Remastered	Pixies	77	0.0204	0.519	234973.0	0.441	0.000453	4.0	0.076	-14.178	1.0	0.0353	81.334	0.25
3cjLFY0mLXqBXsnqNhvKH9	Amy aka Spent Gladiator 1	The Mountain Goats	34	0.0899	0.657	147133.0	0.834	0.216	10.0	0.234	-7.643	0.0	0.0792	156.898	0.832
474uVhyGgK5MtY9gMcDgGl	It's Called: Freefall	Rainbow Kitten Surprise	75	0.632	0.744	152293.0	0.516	0.0	2.0	0.605	-6.365	1.0	0.0513	97.944	0.281
5iiuKcrjqMns675Z0cBoa2	Suburbia Overture / Greetings from Mary Bell Township! / (Vampire) Culture / Love Me, Normally	Will Wood	55	0.268	0.381	376541.0	0.831	5.36e-06	5.0	0.318	-6.595	1.0	0.111	111.367	0.404
6f44UAft0JjhxNMX12TMXl	6up 5oh Cop-Out (Pro / Con)	Will Wood and the Tapeworms	55	0.00534	0.552	222000.0	0.951	2.9e-05	0.0	0.338	-3.457	1.0	0.118	114.614	0.665
1qIagqll7ZcgmiLTrtSvKc	Frankly, Mr. Shankly - 2011 Remaster	The Smiths	56	0.0709	0.713	138813.0	0.748	0.000397	4.0	0.156	-6.53	1.0	0.0251	111.556	0.924
0frg99CmmIkDNRm15gMoGY	Marsha, Thankk You for the Dialectics, but I Need You to Leave	Will Wood	51	0.132	0.306	319768.0	0.832	7.82e-06	0.0	0.0872	-7.766	1.0	0.0826	166.995	0.326
4jkbobuWsyAhpl3dSPMM9E	Lakeside View Apartments Suite	The Mountain Goats	27	0.295	0.546	238093.0	0.4	0.00986	11.0	0.083	-13.968	0.0	0.0806	96.809	0.219
51q8dtQBsoDWAMEcGhKsXa	…well, better than the alternative	Will Wood	52	0.333	0.524	254986.0	0.802	0.0	5.0	0.616	-7.357	1.0	0.194	171.068	0.677
1xaTREM89RbIxkcjlpf4Uw	Heaven Knows I'm Miserable Now - 2011 Remaster	The Smiths	73	0.028	0.609	215760.0	0.759	0.0	6.0	0.183	-4.862	1.0	0.0276	114.045	0.774
6VMKisiuX2PjWuv4jFhxLI	Tummy in the Blood	The Yellow Dress	27	0.424	0.513	278754.0	0.814	5.29e-05	10.0	0.0745	-5.749	1.0	0.0918	132.431	0.581
1KOe5eyJfDHTad719bEr9l	Home Again Garden Grove	The Mountain Goats	24	0.348	0.405	195160.0	0.7	0.00593	4.0	0.106	-4.218	1.0	0.0293	83.836	0.34
6dzU8kkXmOGCMNyX149BX3	Cry for Judas	The Mountain Goats	36	0.0224	0.58	192653.0	0.773	0.815	9.0	0.189	-7.341	1.0	0.0409	91.707	0.776
3B4q6KbHbGV51HO3GznBFF	What I Got	Sublime	74	0.00877	0.804	170907.0	0.696	0.000985	7.0	0.314	-7.47	1.0	0.0899	95.721	0.657
00S0eOLwzdqcC9V8hmigD2	As the Sun Beat Down	The Taxpayers	38	0.6	0.543	179667.0	0.509	0.000133	11.0	0.105	-9.145	0.0	0.0561	126.426	0.0843
3M2bD9SMYnJIPdrTKUnBd3	I Know It's Over - 2011 Remaster	The Smiths	65	0.0847	0.407	349187.0	0.424	0.0	0.0	0.234	-10.583	1.0	0.0318	113.311	0.404
1MJstbwGiW3TpJ9oufPydQ	Night Light	The Mountain Goats	24	0.0489	0.498	239440.0	0.704	0.631	11.0	0.211	-10.41	0.0	0.0315	135.404	0.389
2OErSh4oVVAUll0vHxdr6p	Bigmouth Strikes Again - 2011 Remaster	The Smiths	68	0.0704	0.401	193320.0	0.901	0.0	1.0	0.538	-5.011	0.0	0.041	134.799	0.839
05zd5Nv0e02ZqrlC8A2cwx	United In Grief	Kendrick Lamar	79	0.244	0.529	255378.0	0.845	0.0	8.0	0.143	-8.142	1.0	0.404	85.63	0.331
11607FzqoipskTsXrwEHnJ	Sunday Morning	The Velvet Underground	64	0.0869	0.506	175893.0	0.442	0.00239	5.0	0.0846	-13.268	0.0	0.0276	105.826	0.532
1trf9MaKJjFIzuPNC8PaZb	Your Belgian Things	The Mountain Goats	28	0.782	0.713	229120.0	0.261	0.0252	2.0	0.0987	-11.115	1.0	0.0389	117.323	0.305
0SVvyfRMFMRJzc0L2odX20	Fill in the Blank	Car Seat Headrest	56	0.00737	0.339	244507.0	0.829	1.26e-05	9.0	0.0596	-7.239	1.0	0.058	162.794	0.5
1kaOXjXS3RcKP0QjcWM0Fu	A Complete List of Fears Ages 5-28 (Aprox)	The Yellow Dress	45	0.269	0.434	261509.0	0.834	0.00186	1.0	0.0936	-5.54	1.0	0.0929	131.479	0.884
3ExEeoUBZXKasZJ3AqrnS2	Poor Isaac	The Airborne Toxic Event	40	0.0572	0.569	191240.0	0.611	2.21e-05	6.0	0.19	-5.757	1.0	0.0334	103.406	0.694
2PdIo7ewQPuAsP99LVg9uy	Wrong Way	Sublime	67	0.0623	0.69	136147.0	0.681	0.0	9.0	0.137	-5.653	1.0	0.0379	75.034	0.911
0OPYxsbvo9uyBokw6zkaYp	White Cedar	The Mountain Goats	25	0.676	0.296	185040.0	0.176	0.0594	9.0	0.152	-13.194	1.0	0.0332	74.625	0.354
1lqj3wgPj8gHCdq46hUjvr	I / Me / Myself	Will Wood	68	0.165	0.48	291715.0	0.954	5.14e-06	11.0	0.807	-5.273	0.0	0.0584	172.016	0.762
3dlYtStJzp8YsT3Ot5aj1Y	Let Me Bathe in Demonic Light	The Mountain Goats	28	0.51	0.839	310653.0	0.351	0.00372	3.0	0.102	-11.148	1.0	0.0385	123.588	0.348
5bSASu4W0HJx6CuG8rbRcA	Reel Around the Fountain - 2011 Remaster	The Smiths	56	0.00507	0.67	359227.0	0.571	7.23e-05	9.0	0.124	-9.976	1.0	0.0255	109.905	0.899
5vyt44455ipNNVSYq8fYY7	Fever Pitch	Rainbow Kitten Surprise	57	0.383	0.789	163747.0	0.593	1.29e-06	5.0	0.191	-7.877	0.0	0.0582	109.952	0.293
6fc51JZVE0Yijdi6RuoLFv	Painkillers	Rainbow Kitten Surprise	64	0.466	0.754	213973.0	0.405	0.00179	7.0	0.1	-11.547	1.0	0.0378	114.938	0.0843
1TDdYSYLIXMJ4EiKO6ZCYk	Mission to Mars	Rainbow Kitten Surprise	57	0.623	0.691	154213.0	0.482	0.00671	7.0	0.208	-10.954	1.0	0.201	160.072	0.433
7ERZgMLgpVhrp2D6JYy02t	Bone Machine - Remastered	Pixies	51	0.000688	0.63	183347.0	0.683	0.000689	0.0	0.171	-12.795	1.0	0.0289	115.827	0.955
1zkkvSLk5Nh4uoyKWwuie9	Holy War	Rainbow Kitten Surprise	53	0.636	0.564	174387.0	0.294	0.0	7.0	0.0982	-8.885	0.0	0.0349	149.98	0.213
4eamJr2k9YDH8j58RSTmSc	Doin' Time	Sublime	68	0.0362	0.708	253840.0	0.757	0.0	7.0	0.17	-5.121	1.0	0.0791	80.976	0.552
03yOjwHoOPDlTUg0NRxN6t	Cemetry Gates - 2011 Remaster	The Smiths	60	0.151	0.55	161040.0	0.796	0.0	7.0	0.222	-7.007	1.0	0.0306	105.354	0.622
0hJS3EHWC4uL9sJ52ErpoN	Hide	Rainbow Kitten Surprise	58	0.0745	0.799	192013.0	0.497	1.28e-05	4.0	0.174	-6.57	1.0	0.141	115.157	0.488
6s1lXoCa6EmIGnr0GrwcJp	The Boy with the Thorn in His Side - 2011 Remaster	The Smiths	59	0.208	0.514	196627.0	0.87	4.1e-05	7.0	0.524	-6.516	1.0	0.0419	118.962	0.847
16ro1is6DmDKkarlJMBbzV	When It Lands	Rainbow Kitten Surprise	62	0.444	0.727	269053.0	0.48	0.0	5.0	0.118	-9.278	0.0	0.0987	120.025	0.369
7xXd5Bo7QC0G2M9fn1QWEI	Steal Smoked Fish	The Mountain Goats	25	0.677	0.7	193133.0	0.29	0.0371	2.0	0.108	-12.713	1.0	0.0547	157.723	0.871
4jd13hFvWAZKZpomQleZ8L	2econd 2ight 2eer (that was fun, goodbye.)	Will Wood	61	0.0526	0.577	206500.0	0.962	2.82e-05	0.0	0.103	-5.304	1.0	0.0554	150.02	0.701
1VHlgsaa5RIagloffVGIiH	Power and Glory	Phil Ochs	32	0.741	0.595	136360.0	0.321	0.0	9.0	0.587	-12.828	0.0	0.115	138.107	0.662
2rvhsOudGG9vRRo5xikTlq	Answering the Phone* - Bonus Track	The Mountain Goats	25	0.892	0.683	148733.0	0.743	0.834	2.0	0.328	-8.26	0.0	0.0454	110.894	0.297
17qhlNqCvVGq0ZhFAhDCw4	Front Street	Will Wood and the Tapeworms	47	0.00302	0.418	315240.0	0.925	2.5e-05	0.0	0.149	-4.039	1.0	0.0694	134.313	0.484
5xiAfKzE3mbxYbOkUZPR11	Ateo	C. Tangana	74	0.142	0.826	239925.0	0.74	2.59e-05	1.0	0.175	-4.45	0.0	0.0368	130.025	0.733
4N5ButsPUatjRXT6GlLlyq	Así No Vale	EMIL	48	0.0576	0.859	233796.0	0.763	0.0	4.0	0.125	-3.971	0.0	0.0777	95.002	0.72
5fwSHlTEWpluwOM0Sxnh5k	Pepas	Farruko	89	0.00776	0.762	287120.0	0.766	6.98e-05	7.0	0.128	-3.955	1.0	0.0343	130.001	0.442
0GzuHFG4Ql6DoyxFRnIk3F	Hawái - Remix	Maluma	73	0.105	0.766	200482.0	0.788	5.81e-06	6.0	0.142	-3.128	0.0	0.312	179.984	0.609
1PiASZMKp39IsWwiiIYgPO	Ani Kuni	Polo & Pan	59	0.204	0.662	277520.0	0.621	0.591	0.0	0.0658	-6.158	1.0	0.0291	120.998	0.0477
5cyKYhm8vo5edvuT5tIuQ6	Tu Sicaria	Ms Nina	66	0.0637	0.761	147013.0	0.899	3.38e-05	10.0	0.162	-6.994	1.0	0.0509	98.004	0.758
1282qgDXqqQiA6n3u1h32q	Game	Lucky Luke	52	0.0343	0.83	139355.0	0.917	0.0268	9.0	0.186	-5.341	1.0	0.165	124.011	0.349
5i82o3878xCPNCUK8VIeqX	Otra Noche	Los Ángeles Azules	60	0.365	0.605	199120.0	0.711	0.0	8.0	0.0501	-4.09	1.0	0.0379	91.999	0.645
7fGODUqa0gtkb72oBVCgCD	Ella Me Levanto	Daddy Yankee	74	0.0715	0.76	209493.0	0.9	0.0	5.0	0.221	-4.782	1.0	0.0668	100.046	0.761
1zuCjOvfNJCd0EJcqcfiha	Pobre Diabla	Don Omar	26	0.217	0.741	255680.0	0.787	0.0179	5.0	0.0835	-6.228	1.0	0.0525	91.993	0.771
58q2HKrzhC3ozto2nDdN4z	I Like It	Cardi B	80	0.099	0.816	253390.0	0.726	0.0	5.0	0.372	-3.998	0.0	0.129	136.048	0.65
6tDDoYIxWvMLTdKpjFkc1B	telepatía	Kali Uchis	83	0.112	0.653	160191.0	0.524	0.0	11.0	0.203	-9.016	0.0	0.0502	83.97	0.553
3n3DPyZs0bNKX4FsG0dsgn	The Race	Oh Pep!	29	0.242	0.651	172500.0	0.667	4.48e-06	5.0	0.0478	-5.66	1.0	0.38	188.069	0.283
0khVEzctbwmqLvOpg1ecbg	Ay Mamá	Rigoberta Bandini	69	0.133	0.687	181695.0	0.56	7.45e-06	1.0	0.146	-6.399	1.0	0.0364	126.995	0.32
11ZulcYY4lowvcQm4oe3VJ	Slumber Party (feat. Princess Nokia)	Ashnikko	77	0.00151	0.964	178405.0	0.398	3.95e-05	11.0	0.101	-8.981	0.0	0.0795	105.012	0.563
456xBIOmLRoLzCvCzZrWge	Safari	J Balvin	69	0.531	0.689	205600.0	0.675	3.17e-06	0.0	0.115	-4.281	1.0	0.32	180.065	0.604
4kAtRwNRLMKuoCbxMSxUGI	Noche De Sexo	Wisin & Yandel	74	0.108	0.686	205707.0	0.722	0.0	2.0	0.494	-5.4	1.0	0.256	94.006	0.515
0TK2YIli7K1leLovkQiNik	Señorita	Shawn Mendes	81	0.037	0.759	190960.0	0.54	0.0	9.0	0.0945	-6.039	0.0	0.0287	116.947	0.75
2ekn2ttSfGqwhhate0LSR0	New Rules	Dua Lipa	81	0.00261	0.762	209320.0	0.7	1.56e-05	9.0	0.153	-6.021	0.0	0.0694	116.073	0.608
63aj87TQG6F3RVO5nbG2VQ	In Da Getto	J Balvin	78	0.025	0.915	131067.0	0.72	1.42e-05	8.0	0.0942	-3.126	1.0	0.0459	126.986	0.631
0Psz3az3RIYfJpnsajBT8N	Nanã	Polo & Pan	66	0.191	0.685	190827.0	0.735	0.038	4.0	0.188	-6.337	0.0	0.0334	94.035	0.385
33a2zTGZocgU9XVDDILHM3	La Despedida	Daddy Yankee	72	0.0909	0.745	202827.0	0.994	0.0546	2.0	0.0684	-2.194	0.0	0.0497	122.049	0.972
1IHWl5LamUGEuP4ozKQSXZ	Tití Me Preguntó	Bad Bunny	98	0.0993	0.65	243717.0	0.715	0.000291	5.0	0.126	-5.198	0.0	0.253	106.672	0.187
1gWnuGAiTk3Q4yrIbwymUK	Zoom Zoom	Polo & Pan	56	0.0459	0.678	209800.0	0.849	0.613	7.0	0.0833	-6.983	1.0	0.0367	94.003	0.502
2uhMYJq2TODWBuZhHRrdWy	DOLLAR	Becky G	58	0.205	0.876	204227.0	0.512	0.0	2.0	0.663	-6.878	1.0	0.242	76.983	0.701
63y6xWR4gXz7bnUGOk8iI6	Into You	Ariana Grande	70	0.0162	0.623	244453.0	0.734	1.75e-06	9.0	0.145	-5.948	1.0	0.107	107.853	0.37
0q75NwOoFiARAVp4EXU4Bs	Love Galore (feat. Travis Scott)	SZA	77	0.112	0.795	275080.0	0.594	0.0	0.0	0.162	-6.2	1.0	0.0748	135.002	0.409
2lwi35A2ym3FAmSlvOGnQp	So Good At Being in Trouble	Unknown Mortal Orchestra	68	0.0363	0.829	230147.0	0.435	0.881	0.0	0.119	-10.136	1.0	0.0515	103.817	0.594
38RIEav39FGi86jppxO0du	Ignorantes	Bad Bunny	74	0.267	0.85	210607.0	0.536	3.89e-05	1.0	0.0996	-5.161	1.0	0.0599	96.029	0.505
6golelYKuy85o3u0cxIxFK	The Wire	HAIM	60	0.0127	0.547	245293.0	0.635	5.01e-06	2.0	0.0585	-5.569	1.0	0.137	113.678	0.525
4R8BJggjosTswLxtkw8V7P	No Me Conoce - Remix	Jhay Cortez	80	0.145	0.806	309120.0	0.786	0.0	10.0	0.0935	-3.831	0.0	0.0741	91.973	0.58
5kVZxyMY1gfdCLiChsfjn1	Yo No Soy Celoso	Bad Bunny	91	0.275	0.872	230704.0	0.588	0.0	0.0	0.17	-6.276	1.0	0.0492	142.004	0.93
5IXTT9RvcVupmzLTFqIInj	New York	St. Vincent	55	0.892	0.373	154960.0	0.449	1.26e-05	10.0	0.175	-11.646	1.0	0.144	137.866	0.327
7mWFF4gPADjTQjC97CgFVt	Baila Baila Baila - Remix	Ozuna	77	0.0598	0.785	235284.0	0.572	0.0	2.0	0.218	-7.504	1.0	0.123	100.016	0.49
4gzsuuZypVbxs0Af1LSZyB	Lo Siento BB:/ (with Bad Bunny & Julieta Venegas)	Tainy	89	0.0889	0.639	207301.0	0.703	1.78e-06	4.0	0.0865	-6.33	0.0	0.0794	169.888	0.138
6hH6QJ9ZAO0Z6m7PfvLoXW	CHICKEN TERIYAKI	ROSALÍA	73	0.454	0.788	122227.0	0.4	0.000141	2.0	0.0686	-6.454	1.0	0.115	97.936	0.558
7rglLriMNBPAyuJOMGwi39	Cold Heart - PNAU Remix	Elton John	74	0.0354	0.795	202735.0	0.8	7.25e-05	1.0	0.0915	-6.32	1.0	0.0309	116.032	0.934
3PfIrDoz19wz7qK7tYeu62	Don't Start Now	Dua Lipa	82	0.0123	0.793	183290.0	0.793	0.0	11.0	0.0951	-4.521	0.0	0.083	123.95	0.679
3QxAadrRx8aSEVd6Qzr8KF	Saudade Vem Correndo	Stan Getz	50	0.946	0.634	219093.0	0.288	0.163	4.0	0.366	-16.798	1.0	0.0377	90.633	0.671
3o8tpXm59d9a8wulsGLZ3y	Bichota (Post-Punk)	FrioLento	51	0.0373	0.648	181059.0	0.647	0.869	11.0	0.166	-7.37	1.0	0.0939	170.109	0.538
0VBbbLKnpayQeBKZdYamhi	Barre con el Pelo (feat. Dj Blass)	Tomasa del Real	42	0.113	0.739	198875.0	0.895	0.000557	7.0	0.0971	-5.499	1.0	0.0519	92.995	0.785
10HQmG706HZtAhXRypWw01	Son Amores (That's Amore) (feat. Los Macorinos)	Natalia Lafourcade	49	0.954	0.504	224533.0	0.186	0.0307	5.0	0.106	-17.115	1.0	0.0331	147.005	0.344
1OUPXna2MCgAt3VNmXJBtg	Bola Rebola	Tropkillaz	66	0.22	0.834	193440.0	0.777	0.00609	5.0	0.335	-4.538	0.0	0.0593	129.984	0.865
3vgiIJW3iSQRRvgYiW86i9	Brillo	J Balvin	64	0.89	0.535	159573.0	0.384	0.0	9.0	0.0964	-10.049	0.0	0.362	145.947	0.767
4eFXaYD2is6c6Y645Qyyy1	Bilingue	Snow Tha Product	50	0.381	0.834	171000.0	0.642	0.000478	11.0	0.118	-6.172	1.0	0.291	160.089	0.648
5uVjUTstAPE3lhgjNSVGUB	Rakata	Wisin & Yandel	72	0.0348	0.872	172680.0	0.786	0.0	1.0	0.0776	-5.473	1.0	0.142	95.986	0.722
4AIatGjGyVipeEAzCMTqOg	Somebody Told Me	Måneskin	69	0.0231	0.614	161040.0	0.867	0.0	2.0	0.0821	-3.484	1.0	0.114	148.885	0.775
01GZjSSjSSpvTnDNdR8r3Y	Recovery	Måneskin	64	0.133	0.595	175747.0	0.751	0.0	0.0	0.317	-4.711	0.0	0.0601	109.493	0.837
1ABG6ke9SdUK9YayVafbcX	Le parole lontane	Måneskin	65	0.397	0.635	204933.0	0.573	0.0	2.0	0.133	-4.114	0.0	0.0279	125.946	0.403
1aX0Ki80LFzzhqxqRlqbAV	Morirò da Re	Måneskin	69	0.123	0.605	157880.0	0.881	0.0	10.0	0.038	-2.563	1.0	0.153	193.788	0.928
4pt5fDVTg5GhEvEtlz9dKk	I WANNA BE YOUR SLAVE	Måneskin	84	0.00165	0.75	173347.0	0.608	0.0	1.0	0.178	-4.008	1.0	0.0387	132.507	0.958
7t3fuKd5h73oppjIgkxZ25	Fear for Nobody	Måneskin	66	0.0184	0.821	150827.0	0.773	0.0	11.0	0.074	-3.631	0.0	0.0487	128.827	0.962
1ITV1k9laGrWUpagayejMQ	LIVIDI SUI GOMITI	Måneskin	64	0.00646	0.474	165787.0	0.95	0.000397	7.0	0.177	-2.762	1.0	0.0898	176.491	0.67
6Vfo6O3hk38vDcSpazNo3p	VENT'ANNI	Måneskin	67	0.18	0.635	253587.0	0.641	0.0	4.0	0.0959	-3.674	0.0	0.0329	122.83	0.218
2l7V3AuTxGuswKjGovaSEv	LA PAURA DEL BUIO	Måneskin	66	0.00537	0.376	209787.0	0.846	8.0e-06	7.0	0.186	-4.126	1.0	0.0464	96.176	0.408
36ONZ2CvV8KsLPapNPGTqa	L'altra dimensione	Måneskin	67	0.524	0.715	126707.0	0.839	0.0	5.0	0.266	-2.35	0.0	0.0602	111.371	0.539
3Wrjm47oTz2sjIgck11l5e	Beggin'	Måneskin	87	0.127	0.714	211560.0	0.8	0.0	11.0	0.359	-4.808	0.0	0.0504	134.002	0.589
1ojRut8t5RYNmLpJkEdJ3V	I WANNA BE YOUR SLAVE (with Iggy Pop)	Måneskin	61	0.00659	0.758	171901.0	0.669	0.0	1.0	0.0657	-3.838	1.0	0.0388	132.51	0.96
5HgZU8DoSWLvs1dWBvXYJt	Vengo dalla luna	Måneskin	65	0.149	0.79	184387.0	0.775	0.0	11.0	0.189	-5.042	1.0	0.0505	109.944	0.832
3590AAEoqH50z4UmhMIY85	Torna a casa	Måneskin	70	0.426	0.425	230667.0	0.638	0.0	1.0	0.177	-3.184	0.0	0.0759	81.396	0.45
7HMz8o0m7ASQ3ImFPfhWTY	CORALINE	Måneskin	74	0.0299	0.363	300413.0	0.678	0.0	2.0	0.324	-4.939	0.0	0.0995	162.124	0.321
776AftMmFFAWUIEAb3lHhw	ZITTI E BUONI	Måneskin	77	0.00138	0.625	194787.0	0.939	0.0	4.0	0.424	-3.115	0.0	0.0669	102.999	0.644
2lDgdWIGLYuk74pDeRPgPF	Chosen	Måneskin	68	0.00723	0.658	162013.0	0.892	0.0	6.0	0.0723	-2.928	0.0	0.036	107.944	0.919
78SCmQ8A7KQSMdkem2SwBP	MAMMAMIA	Måneskin	73	0.000615	0.767	186809.0	0.678	0.0	1.0	0.0952	-3.284	0.0	0.0686	142.06	0.791
3ZeyEvTgSlKajHc0fckgZT	FOR YOUR LOVE	Måneskin	68	4.39e-05	0.602	230707.0	0.898	0.000109	2.0	0.356	-3.789	0.0	0.0364	111.036	0.566
2Du09hJBFkE49xA4JqWvXS	Are You Ready?	Måneskin	64	0.0268	0.713	153947.0	0.873	0.0	5.0	0.108	-2.933	1.0	0.0545	103.019	0.522
6D2tOVX5MMl8jNVkwsFaWg	Let's Get It Started	Måneskin	67	0.167	0.831	146813.0	0.76	0.0	6.0	0.0871	-4.184	1.0	0.0807	113.969	0.865
0eV3PB3T0OxW4feG1DlOjQ	Hearts on Fire	HammerFall	65	0.000431	0.577	231387.0	0.901	3.59e-06	1.0	0.672	-5.981	1.0	0.0492	90.997	0.337
1osPuS16pkPbqchi1Cotnq	Dominion	HammerFall	42	0.00028	0.574	279728.0	0.917	8.14e-06	9.0	0.308	-5.389	1.0	0.0494	125.007	0.378
3hhg62H09CVqMWHTzKVBxW	Renegade	HammerFall	43	0.00157	0.544	261640.0	0.931	4.11e-06	8.0	0.147	-7.197	0.0	0.0604	105.032	0.398
4oHeZmCVEoiv8wPexQ1aqq	The Fallen One	HammerFall	44	0.528	0.653	263533.0	0.414	6.8e-05	4.0	0.319	-8.29	0.0	0.0259	102.977	0.293
60eeJAGM7X0Ly3JTRURAep	Legacy of Kings	HammerFall	34	1.28e-05	0.513	253413.0	0.991	0.0101	1.0	0.302	-6.454	0.0	0.0618	134.961	0.341
06OAtSr9Yof33xxJgjpDte	Crimson Thunder	HammerFall	46	0.000209	0.445	305120.0	0.777	1.07e-05	1.0	0.14	-6.011	1.0	0.0372	89.854	0.249
1Z45Falnkv2ikX8aoWGcIh	Glory to the Brave	HammerFall	51	0.045	0.469	440240.0	0.65	0.00111	2.0	0.231	-9.22	0.0	0.0344	123.929	0.221
4Q4x8wvy5ha98IVY2JZ3lH	In Memoriam	HammerFall	34	1.06e-05	0.204	261907.0	0.614	0.689	11.0	0.0508	-5.991	1.0	0.0363	130.464	0.13
7uU84bkoSqL8zbI0dkZl9Y	Hallowed Be My Name	HammerFall	36	0.000936	0.566	236027.0	0.947	0.000455	2.0	0.124	-3.32	0.0	0.0604	120.041	0.445
13bdSVP2YguoHwN4BIFnOT	Always Will Be	HammerFall	52	0.15	0.494	289560.0	0.437	0.0	11.0	0.109	-9.18	1.0	0.0265	133.879	0.304
3EuiN0TJcVtzapN0O67fPW	Legion	HammerFall	33	8.15e-05	0.456	336253.0	0.967	0.0651	2.0	0.13	-5.625	1.0	0.0865	135.064	0.0884
4ClaL5A3F9VCH6ZhPVQ1wG	Hero's Return	HammerFall	36	0.000169	0.276	322813.0	0.97	0.000404	6.0	0.0788	-5.566	1.0	0.257	122.654	0.112
0PyZiU4DnQ23rUjx01XlIh	Any Means Necessary	HammerFall	54	0.000221	0.466	215307.0	0.963	0.508	0.0	0.425	-3.759	0.0	0.0483	109.994	0.355
452sEoCMi7IalqH73sFt08	Between Two Worlds	HammerFall	31	0.0609	0.506	328200.0	0.383	1.81e-05	0.0	0.155	-7.26	0.0	0.0312	120.034	0.132
6D1i1hoMyjs843XbMhNq8J	Venerate Me	HammerFall	52	0.000126	0.3	283339.0	0.932	0.00481	7.0	0.273	-7.188	1.0	0.0678	104.922	0.276
6E4JKsGbtlHSVsiyNCVbPc	My Sharona	HammerFall	46	0.00194	0.547	236893.0	0.873	0.0242	7.0	0.0766	-4.035	0.0	0.0477	145.058	0.524
6VJrbJHOZeQcTKBun9ASh5	Templars of Steel - 2020 Remix	HammerFall	42	0.00116	0.403	328210.0	0.788	8.69e-05	8.0	0.109	-7.285	1.0	0.0348	186.102	0.344
6mTK9nPY1Kpzd8XJM8UjBu	No Son of Odin	HammerFall	36	1.34e-05	0.498	240471.0	0.898	0.000265	7.0	0.305	-6.997	1.0	0.0318	102.479	0.257
6rwTgW7kyv3O4ZDA5Une8A	Raise the Hammer	HammerFall	32	3.97e-06	0.446	202733.0	0.907	0.83	1.0	0.0869	-5.878	1.0	0.114	127.05	0.325
708gbPVWfY8C4Q32PSYlvW	Hector's Hymn	HammerFall	38	4.05e-05	0.474	352029.0	0.964	6.54e-06	7.0	0.11	-4.541	1.0	0.0844	140.007	0.233
76eNNvBrvDleKE14938LQA	Hammerfall	HammerFall	35	4.72e-05	0.397	287467.0	0.981	0.277	1.0	0.31	-7.961	0.0	0.0808	140.022	0.311
0MuF2oQSJxAwrS3n7DRgWg	Threshold	HammerFall	31	0.0306	0.13	285362.0	0.908	0.0625	1.0	0.149	-5.497	1.0	0.0965	82.515	0.209
3Kvw3OYHY7HMD0QTxrsK5s	Secrets	HammerFall	29	6.1e-05	0.41	366080.0	0.98	0.00622	8.0	0.134	-6.104	1.0	0.161	140.015	0.0837
4GjB9nzMSVCqiWBLslcBCJ	Keep the Flame Burning - 2020 Remix	HammerFall	28	2.02e-05	0.424	280382.0	0.985	0.00101	8.0	0.292	-5.634	0.0	0.0776	144.016	0.367
5YtlELwa9eYfmaPr92hmxG	A Legend Reborn - 2020 Remix	HammerFall	26	0.000283	0.566	323928.0	0.923	1.34e-05	8.0	0.0829	-6.173	0.0	0.0386	123.054	0.386
1BrgjqSg9du0lj3TUMLluL	To Hell and Back	Sabaton	68	0.00318	0.536	206547.0	0.849	0.00197	0.0	0.104	-4.702	1.0	0.0616	127.002	0.305
0xdyzvMeQh0PHh3sZmS0MY	(We Make) Sweden Rock	HammerFall	42	0.000374	0.497	255527.0	0.958	4.53e-05	0.0	0.27	-5.411	0.0	0.0589	149.985	0.384
11Gj6y59b4A7NIcyXfXK17	Natural High	HammerFall	35	0.0104	0.486	256078.0	0.889	0.00678	8.0	0.0861	-4.338	1.0	0.0442	94.992	0.362
2zvReawwFO6uwiuKy139CS	Reveries	HammerFall	35	0.000176	0.496	285842.0	0.914	3.22e-05	5.0	0.344	-6.728	0.0	0.0527	130.051	0.391
0hx8yvnlHimPisDOVYiA9g	Star of The County Down	Orthodox Celts	27	0.46	0.777	145200.0	0.441	0.32	2.0	0.187	-16.055	1.0	0.0289	100.673	0.937
7LnJh1u1XWdCPT3kuZN19d	Ghosts	Mike Shinoda	38	0.0134	0.679	174573.0	0.834	0.00291	7.0	0.194	-5.984	1.0	0.0738	103.053	0.388
6SoUUr6i1X0GReHinApeKI	Iridescent	Linkin Park	53	0.198	0.484	296560.0	0.727	0.00204	0.0	0.107	-6.107	1.0	0.0358	120.066	0.216
2aasu7RADsAivfL00Ivj8A	Valse di Fantastica	Yoko Shimomura	46	0.0894	0.312	220213.0	0.507	0.717	7.0	0.26	-6.611	0.0	0.0312	65.945	0.224
06h4HxzQkqx45lCRxDe4lA	Harvest	Nightwish	47	0.00884	0.534	313934.0	0.474	0.0029	0.0	0.0994	-9.958	1.0	0.0301	102.337	0.371
76DVcA804KOxwKzKp2YMxq	Any Other Way	Backstreet Boys	34	0.000514	0.558	203933.0	0.919	0.0	8.0	0.0848	-4.194	0.0	0.0373	108.981	0.813
21Bvy2KqGLO0f3QVgvruru	APOCALYPSIS NOCTIS	Yoko Shimomura	44	0.273	0.394	254600.0	0.829	0.867	5.0	0.0912	-6.037	0.0	0.0493	126.161	0.423
5fHgBb5r91Jmdr8Q7dwmad	Secunda	Jeremy Soule	60	0.985	0.144	123216.0	0.0462	0.942	7.0	0.0934	-27.928	0.0	0.0288	89.996	0.0868
3U6RoFEqhBzhHBb2mgCF5j	In The Air - Live	Advaita	16	0.512	0.496	413793.0	0.487	0.0956	10.0	0.0915	-12.91	1.0	0.0323	174.077	0.443
3mwFncaI2HBczQ92GP9MQF	Lady Writer	Dire Straits	48	0.166	0.633	229027.0	0.798	0.617	1.0	0.0812	-9.313	0.0	0.0281	147.645	0.963
1gv28IXxK81aukLZO2cliR	Jagate Ananda Jagye Amar	Rabindranath Tagore	0	0.777	0.513	253440.0	0.303	0.0	0.0	0.236	-13.656	1.0	0.0356	118.799	0.629
07JNWmpPeixstJ7fa2AKAP	Gates of Dawn - Live	Advaita	11	0.000502	0.32	392000.0	0.585	0.396	6.0	0.432	-12.943	1.0	0.0386	104.969	0.114
1LsxMKb7I3dVYPzOymalL4	Kaahe Na Laage - Live	Advaita	12	0.681	0.316	340000.0	0.417	0.000189	11.0	0.617	-12.468	0.0	0.0394	141.609	0.239
20wrTclP7VoAOUvIBrHxu9	Kaise Dharoon Dheer - Live	Advaita	9	0.749	0.372	545638.0	0.369	0.796	2.0	0.282	-13.355	1.0	0.0321	148.937	0.133
4WLwUAMqUPm59jvu7hQauG	Milan - Live	Advaita	12	0.057	0.323	457007.0	0.523	0.000638	10.0	0.0686	-12.515	1.0	0.0352	122.729	0.288
6pnwfWyaWjQiHCKTiZLItr	Shine On You Crazy Diamond (Pts. 1-5)	Pink Floyd	67	0.772	0.264	811077.0	0.294	0.686	7.0	0.107	-11.941	0.0	0.028	137.937	0.0402
4Tw9JYF9HOuPRyccNWMgwf	The Hardest Part	Coldplay	63	0.0228	0.5	262880.0	0.844	0.00398	10.0	0.455	-5.883	1.0	0.0368	123.721	0.445
1ghlpxVfPbFH2jenrv9vVw	Duel of the Fates	John Williams	65	0.733	0.471	254347.0	0.411	0.853	2.0	0.28	-15.755	1.0	0.041	79.986	0.282
29d0nY7TzCoi22XBqDQkiP	Running Up That Hill (A Deal With God) - 2018 Remaster	Kate Bush	91	0.659	0.625	300840.0	0.533	0.00266	10.0	0.0546	-11.903	0.0	0.0596	108.296	0.139
3a94TbZOxhkI9xuNwYL53b	Black Summer	Red Hot Chili Peppers	74	0.0267	0.417	232412.0	0.682	0.000669	1.0	0.109	-5.071	1.0	0.0295	105.542	0.351
6mFkJmJqdDVQ1REhVfGgd1	Wish You Were Here	Pink Floyd	77	0.735	0.481	334744.0	0.262	0.0114	7.0	0.832	-15.73	1.0	0.0414	122.861	0.375
2LjaNzmzPfljimPxRgFVye	Robot Boy	Linkin Park	41	0.0153	0.58	268987.0	0.784	0.00912	7.0	0.142	-5.739	1.0	0.0289	129.993	0.214
0EIR7jP0Lqb6urEpGD3xic	Galdra	Faun	39	0.00598	0.533	370107.0	0.602	0.752	7.0	0.206	-8.294	1.0	0.0293	115.501	0.27
2Bc3MfDIdz8R71cE04Z2pm	Eki Labonye Purno Prano	Lopamudra Mitra	21	0.776	0.499	298057.0	0.386	5.09e-05	7.0	0.159	-8.398	0.0	0.0305	143.811	0.207
2TYPyMen3VrXo4bljRLQvo	And Plague Flowers the Kaleidoscope	Ne Obliviscaris	42	2.71e-05	0.337	692853.0	0.873	0.11	2.0	0.149	-7.415	1.0	0.0667	107.415	0.186
5JBQmOqevylVCkUawfp4UI	Kemon Achho Sahar	Lakkhichhara	25	0.419	0.565	436168.0	0.501	0.00296	7.0	0.0874	-8.775	1.0	0.0291	131.976	0.131
071BtONQBIq4SkvO0okS4k	Telegraph Road	Dire Straits	42	0.016	0.381	858533.0	0.592	0.363	2.0	0.273	-10.124	0.0	0.0322	124.984	0.285
4aPltIjGkJx26Y9cBHu14U	APOCALYPSIS AQUARIUS	Yoko Shimomura	39	0.000415	0.371	252533.0	0.759	0.717	5.0	0.148	-6.995	0.0	0.0443	126.124	0.333
1dBubDq1rKvxmPAWN2dXmC	Shine On You Crazy Diamond (Pts. 1-5, 7) - Live	Pink Floyd	51	0.211	0.204	816733.0	0.401	0.000488	7.0	0.446	-15.2	0.0	0.0372	143.397	0.103
6bIPHR8AJG5HAcn9oF21Ma	Marooned	Pink Floyd	56	0.384	0.396	330385.0	0.341	0.568	7.0	0.12	-14.836	1.0	0.0303	74.203	0.148
7J8mOaRQCGcSvSZxSWoSO0	Suicide Mission	Jack Wall	43	0.276	0.464	285880.0	0.523	0.932	2.0	0.325	-12.313	0.0	0.0421	116.966	0.125
5enxwA8aAbwZbf5qCHORXi	All Too Well (10 Minute Version) (Taylor's Version) (From The Vault)	Taylor Swift	84	0.274	0.631	613027.0	0.518	0.0	0.0	0.088	-8.771	1.0	0.0303	93.023	0.205
3tDLotaps1ayal3CaWKjdM	Wanderlust	Yoko Shimomura	36	0.0197	0.53	351293.0	0.483	0.948	5.0	0.121	-10.657	0.0	0.027	100.006	0.122
5ophZLHA9mwSZhQSmboyDN	People of The Pride	Coldplay	64	0.00581	0.432	217267.0	0.613	0.0151	4.0	0.312	-6.785	0.0	0.0349	136.362	0.0911
2aibwv5hGXSgw7Yru8IYTO	Snow (Hey Oh)	Red Hot Chili Peppers	80	0.116	0.427	334667.0	0.9	1.75e-05	11.0	0.119	-3.674	1.0	0.0499	104.655	0.599
2pemRVQh3eLi4GdIIXffgb	Second Life Syndrome	Riverside	31	0.0836	0.276	940320.0	0.64	0.542	2.0	0.178	-8.001	0.0	0.0406	111.233	0.127
3CmHvyZQQAGkKkTjTBFWN6	Have a Cigar	Pink Floyd	65	0.407	0.454	307733.0	0.65	0.0488	4.0	0.589	-10.191	0.0	0.0437	120.155	0.72
5VWC7v2dC2K0SIIjT9WTLN	Welcome to the Machine	Pink Floyd	61	0.524	0.381	451681.0	0.358	0.169	0.0	0.0747	-12.423	1.0	0.0365	133.271	0.036
6tI9prqQ0F2cIeuCKHrf1M	Sultans Of Swing - Live At Hammersmith Odeon, London/1983	Dire Straits	35	0.0985	0.349	654307.0	0.941	0.211	2.0	0.981	-6.066	0.0	0.0711	153.936	0.283
3c99ec9qrMURGDDzuV1nae	Hellfire	Yoko Shimomura	37	0.00233	0.219	393013.0	0.83	0.79	0.0	0.211	-7.158	1.0	0.0582	180.017	0.157
5oAvb7LpUBwQfBtQ6hmS4Q	Élan	Nightwish	58	0.0124	0.576	287000.0	0.588	0.000177	5.0	0.148	-9.553	1.0	0.0308	127.969	0.316
7fxDBPivNoMioFrkDkfoM2	Archangel	SAMURAI	50	0.00378	0.649	179003.0	0.983	0.000776	2.0	0.355	-3.587	1.0	0.0444	112.063	0.42
1GqlvSEtMx5xbGptxOTTyk	Peace of Mind	Boston	69	0.00101	0.419	303587.0	0.677	9.99e-05	4.0	0.211	-6.183	1.0	0.0343	127.678	0.684
00KfIFi2TpAaQGPbRbFbKJ	IN MY REMAINS	Linkin Park	63	0.00401	0.553	200693.0	0.907	0.0	9.0	0.266	-5.623	0.0	0.0484	100.967	0.451
0sp00HSXkQyqTa6QqM0O8V	Leave Out All The Rest	Linkin Park	69	0.209	0.509	209307.0	0.629	1.99e-06	0.0	0.369	-6.434	1.0	0.0335	80.012	0.237
21j1PsCiTaO8ZW88UZrh3A	Shine On You Crazy Diamond (Pts. 6-9)	Pink Floyd	57	0.576	0.288	747325.0	0.485	0.9	7.0	0.322	-13.162	0.0	0.0491	135.87	0.124
2iatXu415rxIRAQJ9dXWi5	Trains - Remastered	Porcupine Tree	55	0.0256	0.453	360323.0	0.581	0.0236	9.0	0.154	-12.713	0.0	0.0336	174.203	0.213
3RiPr603aXAoi4GHyXx0uy	Hymn for the Weekend	Coldplay	83	0.211	0.491	258267.0	0.693	6.92e-06	0.0	0.325	-6.487	0.0	0.0377	90.027	0.412
5UlVP9eewIYpqewZv6kToz	Alpenglow	Nightwish	50	0.000321	0.515	289010.0	0.739	0.000154	4.0	0.0718	-9.255	0.0	0.0352	148.008	0.487
5a4MgIUSf9K8wXLSm6xPEx	High Hopes	Pink Floyd	57	0.205	0.519	510965.0	0.413	0.152	0.0	0.351	-12.535	0.0	0.0251	75.219	0.267
7Cg3F9ZsZ2TYUnlza49NYh	Kong	Bonobo	56	0.173	0.542	237827.0	0.749	0.942	6.0	0.315	-8.333	0.0	0.0277	94.031	0.674
1jTx0HJI6hPexjNKAQa8jB	1996	Wild Child	51	0.0169	0.631	186680.0	0.565	0.0921	11.0	0.543	-6.56	0.0	0.0661	187.996	0.719
21gALdjlanjYvfJs6EfvC8	Back & Forth	Wild Child	38	0.0694	0.749	211360.0	0.699	0.0	5.0	0.124	-7.193	0.0	0.0469	123.965	0.641
0iYXDjcE2fOpJiy0ob1Kk3	Crazy Bird	Wild Child	47	0.247	0.779	241267.0	0.523	0.000179	3.0	0.318	-8.359	1.0	0.0361	93.483	0.708
5lw8Mgb4LyhriPIC86gV6e	RNP (feat. Anderson .Paak)	Cordae	69	0.184	0.611	175828.0	0.714	0.0	9.0	0.145	-4.696	0.0	0.856	196.043	0.628
61g7oQKm8DFEL7r2g9LS8x	Migration	Bonobo	48	0.763	0.561	327400.0	0.565	0.948	1.0	0.166	-12.374	1.0	0.0373	122.072	0.0392
7HfDDnqygZdXqzH33fWZfx	Loom (feat. Bonobo)	Ólafur Arnalds	46	0.988	0.545	226867.0	0.18	0.906	5.0	0.0686	-21.022	0.0	0.0337	156.694	0.31
4GroumsjzAcgCwJzTGY7px	Ontario	Bonobo	40	0.236	0.54	232550.0	0.461	0.531	10.0	0.0865	-9.427	0.0	0.0341	89.995	0.107
4MSKGtnxTdqIypqwTDY3em	Figures	Bonobo	41	0.564	0.296	368237.0	0.4	0.13	10.0	0.116	-11.609	0.0	0.0462	88.857	0.184
6BbFwwHnzY74a8GOsDg8Sn	Outlier	Bonobo	43	0.23	0.693	475480.0	0.59	0.834	4.0	0.0685	-7.232	0.0	0.0464	117.006	0.237
2l6fPqfcWjbGvqVZBEdRsG	Meadows	Wild Child	40	0.351	0.713	219040.0	0.484	0.00132	2.0	0.115	-7.856	1.0	0.0376	125.083	0.184
3AW6V6zWH45jI7eNPnSDfT	7th Sevens	Bonobo	40	0.0281	0.656	307328.0	0.653	0.858	6.0	0.112	-11.883	0.0	0.0396	117.999	0.199
0sQNqu37YQQSI3K0ueswyA	A Walk	Tycho	55	0.331	0.659	316919.0	0.717	0.911	9.0	0.127	-7.816	1.0	0.0318	139.952	0.384
2lJ4d8MCT6ZlDRHKJ1br14	Cirrus	Bonobo	60	0.395	0.64	352247.0	0.844	0.933	2.0	0.0827	-8.412	0.0	0.0374	119.042	0.364
7cHRys0Lhk9642dLaPUMkm	Soon It Will Be Cold Enough to Build Fires	Emancipator	49	0.849	0.707	180520.0	0.467	0.685	7.0	0.0957	-15.094	0.0	0.0488	94.417	0.419
0qRR9d89hIS0MHRkQ0ejxX	Rich Girl	Daryl Hall & John Oates	74	0.461	0.573	142787.0	0.683	0.0	5.0	0.0935	-6.644	1.0	0.176	169.519	0.817
3rCtueI7qBN2kZBZnXuk5K	Linked	Bonobo	54	0.539	0.713	369462.0	0.725	0.886	6.0	0.111	-9.951	1.0	0.0385	122.041	0.24
3y5gxbKqif7iw5brilMqEi	Alex	Wild Child	40	0.572	0.624	176027.0	0.718	5.29e-05	9.0	0.295	-8.642	1.0	0.0616	160.047	0.624
3cXQrWACMWmJTQaQUoqLMj	Shaky in the Knees	Grizfolk	61	0.19	0.591	209480.0	0.601	0.0026	7.0	0.0958	-7.222	1.0	0.0269	117.073	0.515
3CArFtrkJzWkxgjmX7ki9N	Kung Fu	Cordae	61	0.0229	0.876	199680.0	0.609	1.17e-05	8.0	0.107	-6.019	1.0	0.111	124.984	0.256
35eaAFEnGP3ONlRVcgTJs9	Pull It Together	The Greeting Committee	56	0.548	0.781	219173.0	0.751	0.0	2.0	0.0636	-3.686	0.0	0.0332	102.103	0.607
3i2Q3cFdFzJ39nV9sAt3Pc	Kusanagi	ODESZA	53	0.472	0.335	208000.0	0.33	0.41	0.0	0.164	-8.302	1.0	0.031	75.07	0.04
0Z57YWES04xGh3AImDz6Qr	Real Love Baby	Father John Misty	67	0.0955	0.417	189293.0	0.686	0.0287	7.0	0.0989	-6.484	1.0	0.0373	204.113	0.625
7oiZRx7OZbUAYUiYeFTXrf	Warm Animal	Sure Sure	60	0.072	0.786	211147.0	0.384	0.00115	5.0	0.0484	-8.655	1.0	0.0651	137.935	0.77
4x6aawsLyPkF3aGPXGvbat	La Ciudad	ODESZA	50	0.00534	0.663	271136.0	0.84	0.342	9.0	0.169	-5.618	0.0	0.0453	108.022	0.2
7KT7VGnPU5QVXN3q1BOeqb	Higher Ground (feat. Naomi Wild)	ODESZA	57	0.0865	0.629	215131.0	0.852	0.0215	1.0	0.263	-5.094	1.0	0.0521	104.997	0.415
3vipemBjRlJW1RPrTEZATa	Before You Were Mine	Still Woozy	23	0.451	0.679	135947.0	0.702	0.528	6.0	0.0797	-6.579	0.0	0.0481	92.051	0.7
59wlTaYOL5tDUgXnbBQ3my	A Moment Apart	ODESZA	65	0.179	0.515	234244.0	0.663	0.668	7.0	0.494	-7.896	0.0	0.0328	120.024	0.0756
7t7SLzJtQzD8wdJqwYD3XM	Meridian	ODESZA	49	3.4e-05	0.517	235861.0	0.66	0.252	5.0	0.571	-6.175	0.0	0.0315	90.007	0.0701
7oJmIBxEAYjfkS7lhZ7M1S	Sometimes	Goth Babe	63	0.105	0.445	262737.0	0.563	0.000271	7.0	0.179	-8.904	1.0	0.0315	94.978	0.204
5sXTG5MxeA6zVNm3YfCVad	Dive	Tim Atlas	54	0.0771	0.778	237481.0	0.616	0.0136	11.0	0.185	-5.466	1.0	0.0375	102.987	0.951
3HjAGIYYXG7PS7OegQa0xM	Casita	Goth Babe	61	0.379	0.647	206000.0	0.748	1.36e-06	11.0	0.12	-8.674	0.0	0.349	120.057	0.523
3zdtYfRqOn1axEmHZTWivp	Foreplay	Jalen Santoy	62	0.125	0.787	171433.0	0.335	0.00444	5.0	0.132	-4.837	0.0	0.0826	119.185	0.582
1ssGCkWfXfXYSPoADNSb0P	Alkaline	Kota the Friend	51	0.469	0.767	190253.0	0.527	0.0	10.0	0.162	-8.153	0.0	0.235	154.002	0.613
5dmPNuHmRRJuHmJTDa7NuJ	Bambi	Hippo Campus	58	0.0661	0.739	194400.0	0.471	9.78e-05	8.0	0.116	-8.456	1.0	0.0436	90.002	0.31
1pqOdQkmYdM7AUM1q3L1mN	Late Night	ODESZA	43	0.0358	0.612	228155.0	0.628	0.00898	2.0	0.193	-6.754	1.0	0.0752	125.043	0.434
63yesoRJgXT5QALryYFV0X	Boy	ODESZA	51	0.00324	0.515	183680.0	0.686	0.505	0.0	0.0647	-6.258	1.0	0.0929	140.013	0.148
7BdBAeVMiVHbszGoN7WsAt	Memories That You Call (feat. Monsoonsiren) - ODESZA & Golden Features VIP Remix	ODESZA	55	0.0117	0.636	219507.0	0.575	0.861	10.0	0.12	-4.624	1.0	0.0315	119.996	0.193
2WrzwxqDxBWcWYkk9DAJ9j	Candy Wrappers	Summer Salt	58	0.696	0.691	194418.0	0.546	0.415	5.0	0.302	-7.33	1.0	0.0263	95.047	0.483
3CA9pLiwRIGtUBiMjbZmRw	Nice For What	Drake	79	0.0891	0.585	210747.0	0.909	9.7e-05	8.0	0.119	-6.474	1.0	0.0707	93.372	0.758
22UDw8rSfLbUsaAGTXQ4Z8	American Boy	Estelle	79	0.171	0.727	284733.0	0.729	0.0	0.0	0.07	-2.99	1.0	0.326	117.932	0.512
3GjL3KSjADxjGbKSZLeClC	Here Comes the Hotstepper	Dr. Dog	45	0.472	0.695	286636.0	0.638	0.775	9.0	0.351	-8.219	1.0	0.0309	100.366	0.854
4VXEjLbI0XqgtPlQH7OeOu	I'm Warping Here	Feng Suave	51	0.25	0.589	215253.0	0.499	3.75e-06	11.0	0.244	-12.579	0.0	0.0388	123.078	0.6
6u0x5ad9ewHvs3z6u9Oe3c	Under Cover of Darkness	The Strokes	68	0.00433	0.35	235547.0	0.775	0.283	11.0	0.0676	-3.364	1.0	0.054	199.866	0.588
2YT7gnUsicqZhmK3Fkb5L8	Limestone	Magic City Hippies	53	0.282	0.706	209165.0	0.457	0.0079	4.0	0.0614	-9.359	1.0	0.0383	78.013	0.723
2nkPVfTBJrDkLJnA8JJKcO	The Breeze	Dr. Dog	56	0.774	0.61	239093.0	0.547	2.05e-05	9.0	0.635	-7.796	1.0	0.0338	90.136	0.318
4vHNeBWDQpVCmGbaccrRzi	Goodie Bag	Still Woozy	75	0.821	0.739	146390.0	0.522	0.00124	7.0	0.233	-12.304	0.0	0.151	138.263	0.619
3u0s2L2nv0gUuDwLlVi4qH	These Days	Manwolves	54	0.791	0.543	239426.0	0.284	0.0	8.0	0.11	-8.503	1.0	0.0538	134.557	0.271
5f7wBEartf7erWHv5jZChn	Sam, A Dream	Black Belt Eagle Scout	36	0.171	0.604	273688.0	0.615	0.495	4.0	0.0817	-7.251	0.0	0.0315	84.102	0.14
75QVl6AUgbpshr5q25QOU6	Somersault	Richy Mitch & The Coal Miners	52	0.416	0.545	207529.0	0.482	0.118	5.0	0.0988	-8.437	1.0	0.0393	113.615	0.115
1FjRZEN5F390h0TsYd6NEz	"Berlioz: La damnation de Faust, Op. 24, Pt. 4: ""D'amour l'ardente flamme"" (Marguerite)"	Hector Berlioz	8	0.976	0.178	495480.0	0.123	0.00878	5.0	0.0934	-16.477	1.0	0.0424	89.394	0.0373
4ga4WvRNhMsIL38pkBbnIN	Pressure (feat. Tove Lo)	Martin Garrix	71	0.659	0.859	144391.0	0.558	0.324	7.0	0.124	-8.991	0.0	0.0902	114.978	0.357
1PckUlxKqWQs3RlWXVBLw3	About Damn Time	Lizzo	95	0.0995	0.836	191822.0	0.743	0.0	10.0	0.335	-6.305	0.0	0.0656	108.966	0.722
3ebYtLVuV4HzEZUDcpZB9p	Lovin' You	Minnie Riperton	61	0.962	0.387	223144.0	0.164	0.0	9.0	0.0817	-14.617	1.0	0.085	72.029	0.409
6zmlJfgjKXO6OIo3Y2WlMB	So What?	Sonnee	40	0.00642	0.546	238909.0	0.687	0.926	7.0	0.132	-10.429	1.0	0.0391	110.002	0.0658
2ZDssPiWL5pxRB03Ll9WWy	Acrobatic	SIDEPIECE	60	0.00212	0.735	176720.0	0.949	0.561	9.0	0.347	-3.734	1.0	0.084	125.03	0.557
2t77hjgJY4sC9DoX5uaVUD	Don't Give Up	Peter Gabriel	61	0.831	0.671	394827.0	0.283	0.000818	3.0	0.0911	-14.198	1.0	0.0508	80.806	0.331
3h6CJm3thAESfemqbaRSua	Vancouver	Véronique Sanson	25	0.229	0.455	246253.0	0.72	5.44e-06	11.0	0.063	-7.143	1.0	0.0311	144.244	0.558
7imqXMxp4iG3TTpUxSvktB	Chalet 47	FEET	39	0.0685	0.647	223168.0	0.827	0.0608	1.0	0.245	-4.34	0.0	0.0332	108.961	0.733
15XYdD283tK9iyJzL738bn	Désenchantée	Mylène Farmer	59	0.0019	0.614	322760.0	0.655	0.126	10.0	0.0844	-11.744	0.0	0.0297	125.907	0.342
1uMHCAyGmHqyygoNRuo7MV	edamame (feat. Rich Brian)	bbno$	79	0.023	0.815	133707.0	0.848	0.000162	4.0	0.0265	-4.704	0.0	0.115	106.032	0.684
3l6779YqHSAtPR7cKhNP47	Magnolias for Ever	Emma Peters	58	0.823	0.719	180036.0	0.387	1.78e-05	8.0	0.107	-11.403	0.0	0.0444	96.046	0.283
0UbT2X5Q4svbTybTbp9ew7	Mélodie - Radio Edit	Elodie Costa	40	0.177	0.841	222581.0	0.661	0.0	5.0	0.105	-6.769	1.0	0.0574	123.984	0.695
1nFDUqzE0DsplYOcPDSp81	Sans contrefaçon - Girl Remix	Mylène Farmer	52	0.448	0.756	246547.0	0.743	0.00544	9.0	0.0805	-11.124	1.0	0.0289	130.871	0.968
2WRFD9WczJ975X2K1Y9YVs	Heads Will Roll	Yeah Yeah Yeahs	69	0.000187	0.562	221000.0	0.903	0.0939	8.0	0.298	-4.46	0.0	0.0296	132.009	0.791
58r4JuwHhXLAkttkaUZfLw	Got to Be Real	Cheryl Lynn	67	0.0943	0.836	307947.0	0.626	0.742	9.0	0.153	-10.143	0.0	0.0335	114.657	0.898
6Zu3aw7FfjAF9WA0fA81Oq	Big Energy	Latto	81	0.0514	0.935	173182.0	0.807	0.0	11.0	0.349	-3.838	0.0	0.114	106.017	0.813
7pAW3XGsByG4avvzn3BGYE	J'sais pas	Johan Papaconstantino	49	0.662	0.809	198256.0	0.637	0.0984	0.0	0.114	-7.763	1.0	0.0685	98.027	0.63
5EWPzyWm0b9McPS5Qyaijp	Un jour je marierai un ange	Pierre de Maere	63	0.216	0.544	165558.0	0.578	1.92e-06	7.0	0.0949	-9.49	0.0	0.18	169.973	0.219
2aI21FnmY7TJVKeMaoQZ0t	Say It Right	Nelly Furtado	81	0.0476	0.872	223080.0	0.872	0.00112	1.0	0.0543	-6.328	1.0	0.139	116.948	0.809
6Rqn2GFlmvmV4w9Ala0I1e	Feeling Good	Nina Simone	73	0.864	0.399	174000.0	0.326	0.0	7.0	0.191	-9.239	0.0	0.0386	79.206	0.546
0Y9BzZGT2FuLVPrHoq1g2G	Fantaisie-Impromptu In C-Sharp Minor, Op. 66	Frédéric Chopin	52	0.993	0.155	336093.0	0.0522	0.894	1.0	0.105	-25.087	1.0	0.0413	70.473	0.0585
12sbRlZqz4ubIjKfft0tAk	Tender Sofa	Gussstave	17	0.624	0.546	160879.0	0.501	0.0213	11.0	0.0844	-9.632	1.0	0.13	182.013	0.389
3jHYDEB0YUNJCSEMF2um60	CHICKEN TERIYAKI	ROSALÍA	64	0.454	0.788	122227.0	0.4	0.000141	2.0	0.0686	-6.454	1.0	0.115	97.936	0.558
4aNNFLoRfSOMHeYQXidsXL	I Leave Again	Petit Biscuit	56	0.465	0.724	240893.0	0.476	0.0451	2.0	0.0964	-13.832	1.0	0.0555	124.006	0.11
63ZSow0dnUhOr175IbNZa2	Die Walküre, WWV 86B - Concert version / Dritter Aufzug: The Ride of the Valkyries	Richard Wagner	52	0.927	0.235	183667.0	0.365	0.907	7.0	0.17	-13.863	1.0	0.0356	91.187	0.126
0pAiyIHt9DyHOjWgF41kp6	Steal	Maribou State	66	0.62	0.729	219946.0	0.456	0.000133	6.0	0.0919	-6.795	0.0	0.0528	110.999	0.221
2uU4tNepmkbE5lyQ9d0zFZ	Kabhi Khushi Kabhie Gham	Kris Bowers	61	0.625	0.448	208893.0	0.0588	0.952	1.0	0.132	-27.582	1.0	0.0328	95.997	0.418
4ffoWIfe9UWfyuJT5I0I7L	Les mots bleus	Johan Papaconstantino	58	0.271	0.79	250894.0	0.484	0.0129	8.0	0.127	-8.267	1.0	0.114	171.988	0.431
6SDjKKm0OxwKOkbQRIYtOD	On The Run - 2019 Remix, Live	Pink Floyd	30	0.119	0.229	168947.0	0.629	0.751	7.0	0.383	-18.963	1.0	0.201	82.974	0.043
6XhLvHFFGw89NbGfpINRyn	Reading Rainbow Theme Song	Reading Rainbow	40	0.832	0.736	53760.0	0.363	0.0	9.0	0.0801	-15.792	1.0	0.751	166.209	0.197
6amKBSZGfDYxNbL2ByRnir	Le Jeune	QuinzeQuinze	35	0.32	0.633	239253.0	0.513	0.00297	0.0	0.0957	-9.108	0.0	0.435	123.156	0.683
5EQzuYfTZt7B2LqlvTF49l	It's All Coming Back to Me Now	Céline Dion	74	0.753	0.384	456867.0	0.438	0.0	0.0	0.101	-9.149	1.0	0.0362	87.903	0.287
4CQuxzR9R3OVSCNSHN1mBZ	Fio Maravilla	Nicoletta	42	0.544	0.634	217080.0	0.433	0.0	10.0	0.144	-8.26	0.0	0.0283	115.34	0.704
6X6LksTIhQ88ZU27y5bbxk	I'll Never Forget You	Francis and the Lights	33	0.987	0.588	225253.0	0.0665	0.0476	5.0	0.118	-18.621	1.0	0.0394	121.06	0.155
6rqUOLt9dpfMANLMKTzoWj	Le temps de l'amour	Françoise Hardy	60	0.798	0.586	144827.0	0.412	0.0	8.0	0.152	-10.116	0.0	0.0334	132.199	0.706
1V32pCGXZMgcmXd5MUMDL1	Abcdefg	ROSALÍA	65	0.95	0.717	65960.0	0.164	0.0	7.0	0.315	-17.948	1.0	0.944	91.577	0.352
2P5yIMu2DNeMXTyOANKS6k	Nobody	Mitski	80	0.07	0.398	193429.0	0.717	0.0	0.0	0.085	-5.253	1.0	0.0398	117.296	0.487
2rkw1gqH62Tc9ydm9jsEJ1	Tous les cris les S.O.S.	Daniel Balavoine	57	0.563	0.447	302866.0	0.442	4.5e-05	9.0	0.225	-10.76	0.0	0.0308	176.245	0.404
3KEnGyuImTqe7asrYW0kUv	Positif	Mr. Oizo	53	0.000409	0.744	171120.0	0.928	0.624	10.0	0.132	-5.628	0.0	0.0495	123.014	0.507
3VbDcrNGmAeX1Aij4w1Y9C	Wheelspin	MØ	41	0.0514	0.694	171200.0	0.577	0.000487	9.0	0.146	-5.98	1.0	0.0349	121.996	0.269
5nNIFYy5dDQo9s3hSOd7xX	C'est une belle journée	Mylène Farmer	52	0.33	0.674	256693.0	0.844	0.000663	0.0	0.0916	-6.353	1.0	0.0342	120.006	0.656
2fgINBjLf7eCI3ky3n2gnS	Moins joli	Iliona	57	0.94	0.532	179881.0	0.18	0.000263	9.0	0.258	-14.76	0.0	0.0466	92.404	0.131
17AecRsKvectsZjTJ7LCkz	Malala Yousafzai	Jessica Dannheisser	3	0.496	0.258	172227.0	0.329	0.817	0.0	0.1	-12.56	1.0	0.0332	99.944	0.0378
1c65aZUOGjVB72vnv1bW2g	Youth Is Lost	MØ	39	0.262	0.538	225493.0	0.611	2.74e-05	5.0	0.321	-4.761	0.0	0.0529	155.832	0.495
4kXxEhuatrvwrTQycA7s9B	BIZCOCHITO	ROSALÍA	78	0.605	0.93	109120.0	0.774	0.0238	1.0	0.12	-4.203	1.0	0.0744	116.972	0.781
4p7na6NSU0F7lMOhx9kg9k	Material Girl	Kris Bowers	63	0.633	0.588	244340.0	0.155	0.694	0.0	0.0748	-20.621	1.0	0.0321	136.482	0.404
11k965jnnDHzMXisdOBop2	Cool to Cry	MØ	40	0.351	0.689	171760.0	0.67	2.16e-06	9.0	0.0875	-6.773	0.0	0.132	86.012	0.499
14FAAlZJ36VMPIF7yHV3mg	Tuo padre, mia madre, Lucia	Giovanni Truppi	46	0.724	0.348	228707.0	0.59	0.0	9.0	0.312	-6.093	0.0	0.0722	76.535	0.55
7yHjGj7rDKqolyqeZjPv9t	Soldier Girl	The Polyphonic Spree	38	0.202	0.443	239067.0	0.584	9.97e-06	0.0	0.0707	-7.264	1.0	0.0317	93.728	0.0518
4qCkd8jOHbz7t59nRTlGr5	FAST LAND	Moderat	54	0.0219	0.429	219014.0	0.59	0.905	2.0	0.141	-9.673	1.0	0.0403	134.255	0.0503
2spDH2rxS8fpw6XYxtCzue	Ok boomer (feat. Brunori Sas)	The Zen Circus	45	0.216	0.518	207533.0	0.838	0.0	9.0	0.28	-5.515	1.0	0.0481	154.925	0.507
59qdWok2u5ItLGEVf008kD	Any Day Now	Elbow	41	0.18	0.609	377933.0	0.77	0.234	4.0	0.11	-10.09	1.0	0.0333	139.372	0.428
0uekzdBsjuz76wVo2XOyg3	Love No More	The Durutti Column	38	0.955	0.58	167266.0	0.281	0.906	2.0	0.114	-14.308	1.0	0.03	124.537	0.387
5IM0qYpQlZbfLJ8s1QWbpz	An Unsolved Exercise in Physics - Mia Askisi Fysikis Alyti	Lena Platonos	25	0.197	0.758	239267.0	0.657	1.24e-06	7.0	0.162	-8.266	0.0	0.219	130.735	0.838
2hkUAvQ1ZTISJsOtRUACyF	Oscar Brown	Baxter Dury	36	0.0326	0.46	335560.0	0.387	0.68	5.0	0.37	-11.5	1.0	0.0402	123.914	0.314
4LTJl1Om8ktx8vUIKcIIgx	Le ragazze stanno bene	Vasco Brondi	28	0.56	0.331	226013.0	0.753	2.03e-05	4.0	0.0993	-7.838	1.0	0.0758	97.212	0.389
2p6CzenLng8PDjkJ2cj26F	Mango	Cosmo	37	0.247	0.741	313013.0	0.776	0.00746	2.0	0.103	-7.566	1.0	0.0716	116.049	0.226
5iNTFenKptdrfnoTxEDFOB	Afraid of You	The Knife	17	0.153	0.8	228200.0	0.481	0.7	11.0	0.0816	-7.061	1.0	0.298	120.043	0.328
3oJCaUjEucwvw8TAr5GNof	Bird - Edit	The Knife	22	0.0609	0.627	210123.0	0.835	0.0653	2.0	0.182	-8.273	0.0	0.0489	146.178	0.143
63uly6YcZLrchTQCAXp8Np	All The Young Dudes	Shortparis	27	0.111	0.348	225800.0	0.445	0.000541	7.0	0.128	-12.445	1.0	0.0372	99.71	0.111
6XNyqB9SGce6cWFlR8wMVP	Caro fottutissimo amico (feat. Motta)	The Zen Circus	31	0.0576	0.632	714643.0	0.691	0.0108	2.0	0.106	-7.178	1.0	0.0326	112.006	0.0455
1CcYOBPqOctmlpo3fKWJpc	Ok boomer (feat. Brunori Sas)	The Zen Circus	40	0.216	0.518	207533.0	0.838	0.0	9.0	0.28	-5.515	1.0	0.0481	154.925	0.507
1l16MyUTfb0SDearbydVfD	Stoccolma	Rino Gaetano	30	0.121	0.895	207853.0	0.674	1.65e-05	0.0	0.271	-10.273	1.0	0.0548	106.027	0.988
1qwAXuoYMGNTeJlSvHNgLh	La Pomme D'Argent	Jane Weaver	8	0.731	0.454	225920.0	0.624	0.935	4.0	0.171	-13.587	0.0	0.0446	91.392	0.0781
2WOjLF83vqjit2Zh4B69V3	Don't Think Twice, It's All Right	Bob Dylan	65	0.89	0.6	217400.0	0.243	0.0022	4.0	0.249	-17.085	1.0	0.0366	110.535	0.468
4bAYL09yxKIf1YNx1HwoBZ	You Know It's Alright	Mryn	11	0.000963	0.842	663626.0	0.737	0.818	7.0	0.0764	-10.558	1.0	0.0574	123.025	0.187
5LBTIPGXEn7I7ON0BB961z	Knee 5	Philip Glass Ensemble	40	0.586	0.346	484667.0	0.105	5.88e-05	7.0	0.11	-25.12	1.0	0.047	99.348	0.0346
7JJuEnyZFMinvP6WZMCfuQ	Labyrinth	Sky H1	27	0.873	0.196	414290.0	0.101	0.832	9.0	0.109	-27.32	0.0	0.041	134.945	0.0454
2Otknd6zvymLYOIxZLS8e8	L'anima non conta	The Zen Circus	47	0.0409	0.37	341253.0	0.649	0.0	9.0	0.127	-5.808	1.0	0.0322	147.853	0.584
4VeBrtbDSGaFkO7I9iagBc	I Need a Connection	Jane Weaver	35	0.0915	0.634	466693.0	0.84	0.888	2.0	0.166	-11.811	1.0	0.0388	129.142	0.128
57Dqlvsn8WcsPFVZzRw3iO	Children of the Sun	Dead Can Dance	43	0.205	0.444	453429.0	0.487	0.382	6.0	0.0852	-9.076	0.0	0.0307	120.087	0.158
7nYDC2hCyuw6yKnVsClX4E	Wivenhoe Bells (II)	The Cleaners From Venus	34	0.197	0.514	263093.0	0.727	5.14e-05	5.0	0.67	-5.844	1.0	0.0414	105.394	0.396
2JiS4aCs0A4SM4Z0OVdkUO	Madeso	DJ Nigga Fox	13	0.000662	0.766	376849.0	0.92	0.89	10.0	0.126	-5.733	0.0	0.286	126.087	0.502
3QW4IYz45VxCchkS8iCGVE	A Long Day	The Polyphonic Spree	7	0.808	0.173	2191560.0	0.132	0.946	9.0	0.151	-14.663	0.0	0.0399	124.891	0.029
6c2PX5LGBx55npYNGEG2jQ	I Want You, But I Don't Need You	Momus	32	0.255	0.692	287160.0	0.482	6.19e-05	11.0	0.312	-11.315	0.0	0.0265	99.998	0.676
2Hzd0VC9hKTW1UBm3zePnx	Hope	Bauhaus	33	0.168	0.622	197240.0	0.395	0.00368	9.0	0.332	-12.073	1.0	0.0317	95.009	0.694
013dkXItCYy64OcHgtU6zg	Out of Time	Damon Albarn	40	0.722	0.351	238893.0	0.519	0.00274	0.0	0.792	-9.159	1.0	0.0365	154.875	0.235
5oqLH3w2yG46BZtZSVWC56	Scatolette	Ministri	28	0.00073	0.358	226800.0	0.583	0.0	0.0	0.463	-6.559	1.0	0.0397	147.736	0.283
04BHSbXG9Wd7F0WlwKjL7q	Have a Day / Celebratory	The Polyphonic Spree	12	0.733	0.398	280093.0	0.507	0.000808	5.0	0.136	-5.474	1.0	0.0282	130.11	0.0392
11aNnE6AFyuYbk4bSlHKFO	Cooped Up (with Roddy Ricch)	Post Malone	66	0.0399	0.644	185857.0	0.775	0.0	0.0	0.113	-5.679	1.0	0.242	93.707	0.372
1RvhTbg8D5p4dUZSPKA4pK	Ooops	808 State	31	0.00137	0.655	282013.0	0.917	0.337	9.0	0.397	-5.963	0.0	0.0366	101.498	0.75
1Sl33znPvyeLFcG6jLqMWP	Opera 1	The Durutti Column	24	0.978	0.16	131400.0	0.227	0.906	0.0	0.274	-17.84	0.0	0.0379	83.729	0.0446
1gE7p3b4J8p4ivOCR2CO0Y	Marechià	Nu Genea	55	0.133	0.698	264929.0	0.686	0.0439	1.0	0.0753	-11.278	0.0	0.0338	110.068	0.926
2qFvSLNidOcYd5d7KELAEI	Nephatiti	808 State	19	0.000879	0.65	289173.0	0.782	0.678	11.0	0.0534	-8.668	0.0	0.04	120.003	0.32
2tqUvU7hJymXT8t8Me6EiY	Light & Day / Reach for the Sun	The Polyphonic Spree	35	0.645	0.252	202573.0	0.868	1.1e-06	2.0	0.169	-5.35	1.0	0.0753	125.096	0.221
3jV5iYfcE1qohWHrSAhJHH	Infinite volte	Tutti Fenomeni	36	0.486	0.742	180967.0	0.477	0.00598	5.0	0.107	-10.277	0.0	0.0772	148.517	0.514
3uGXrCnCC9ECvT9jnTZGij	Red	Elbow	27	0.0198	0.343	311467.0	0.682	0.00118	4.0	0.234	-8.636	0.0	0.0428	192.305	0.507
43GltEAwiTl3Nz7J7gjXkA	Peggio Di Niente	Ministri	19	0.000405	0.235	175707.0	0.989	0.0	9.0	0.0757	-4.702	1.0	0.0971	104.035	0.26
43lFVqRGSCUsrBjZrtMZ0C	Lift	808 State	20	0.00253	0.599	312440.0	0.733	0.828	1.0	0.427	-8.776	1.0	0.0323	120.01	0.361
4euAGZTszWPrriggYK0HG9	Lay All Your Love On Me	ABBA	74	0.117	0.678	274467.0	0.727	0.00396	2.0	0.354	-7.844	0.0	0.0258	133.481	0.71
5DpOrZhEK1QQ9HoDZWbU8E	Bar Mediterraneo	Nu Genea	51	0.443	0.706	184000.0	0.639	0.831	7.0	0.0877	-7.834	1.0	0.0288	108.706	0.914
5zlPAPZkw8PKUf5HUKatTM	Adius - Sanremo, 28 agosto 1976	Piero Ciampi	25	0.919	0.453	216053.0	0.532	0.278	0.0	0.371	-10.049	1.0	0.0753	120.243	0.593
6d5Ef0SJJxvzafpgKCRFoC	Vesuvio	Nu Genea	53	0.0376	0.687	281781.0	0.876	0.398	9.0	0.0893	-6.756	0.0	0.0392	120.714	0.939
7L0pz6RCfBtmMpMC8BWCvZ	Souvenirs	Mumbay	53	0.538	0.785	228245.0	0.611	0.0	4.0	0.19	-12.525	0.0	0.135	120.004	0.779
0BcZNMt0AkFjjPOOnHsRET	Delta (Sounds from air)	Max Casacci	3	0.895	0.569	312076.0	0.345	0.811	1.0	0.365	-15.448	0.0	0.0527	156.048	0.235
1fdh2ny3weZ809gJi74f4I	Marechià	Nu Genea	23	0.133	0.698	264929.0	0.686	0.0445	1.0	0.0753	-11.278	0.0	0.0338	110.068	0.926
6maLztcIyOHUYBY00iHPKJ	Planningto Risk It	Austra	26	0.00236	0.913	355895.0	0.508	0.259	9.0	0.119	-8.73	0.0	0.0668	125.007	0.971
3HFBqhotJeEKHJzMEW31jZ	Change	Big Thief	62	0.83	0.633	295454.0	0.161	9.9e-05	10.0	0.263	-12.892	1.0	0.0613	132.57	0.546
3AqSeHqtg45ddsAYJeuCqm	Red Moon	Big Thief	50	0.12	0.434	259591.0	0.842	4.36e-05	7.0	0.096	-5.394	1.0	0.074	151.221	0.661
61X73CJcpwGIxgQgKEXbw0	You and Me On The Rock (feat. Lucius)	Brandi Carlile	62	0.15	0.568	230098.0	0.686	1.81e-06	1.0	0.0881	-6.635	1.0	0.033	172.075	0.725
07C3oEuCStuueA9cBYLRuL	Wake Me up to Drive	Big Thief	47	0.663	0.683	223601.0	0.654	0.00803	7.0	0.116	-11.64	1.0	0.0524	131.263	0.682
45u0KnOkZtlkQdtTXyC1B8	Promise Is a Pendulum	Big Thief	47	0.958	0.473	252600.0	0.16	3.82e-05	5.0	0.159	-17.228	1.0	0.0391	138.759	0.508
5ZlfX4evbtQtONINsLADDR	Little Things	Big Thief	52	0.256	0.34	344823.0	0.924	0.925	1.0	0.248	-5.077	1.0	0.0347	96.104	0.736
6qopJBPesEVIrIT0qMtbNs	Heavy Bend	Big Thief	49	0.863	0.682	96554.0	0.345	3.34e-06	1.0	0.1	-9.403	1.0	0.074	133.263	0.485
2mdaMDbjFxmxQPO90PxT5w	No Reason	Big Thief	51	0.616	0.455	227157.0	0.566	0.00237	9.0	0.308	-7.001	1.0	0.0324	79.056	0.513
054hQgiHkYgHZzHjIDj7ch	12,000 Lines	Big Thief	46	0.851	0.675	179640.0	0.279	0.000194	6.0	0.106	-11.793	1.0	0.0311	127.337	0.363
3i7XRi2UyvGTdJawJRkVhd	Certainty	Big Thief	61	0.0208	0.611	187389.0	0.507	0.012	9.0	0.222	-8.521	1.0	0.0267	76.578	0.401
26jTwp6phFiELR3454BUTk	Iffy	Caamp	59	0.793	0.425	236348.0	0.294	8.43e-06	10.0	0.367	-10.754	1.0	0.0498	186.027	0.312
31ABtQJdfloNaGz7ZhXaN5	King	Florence + The Machine	69	0.136	0.731	280131.0	0.45	0.000989	6.0	0.107	-8.086	0.0	0.0443	105.989	0.0856
6w1d6Zwf7aXALS4TRA26hy	Sparrow	Big Thief	51	0.848	0.564	311934.0	0.354	2.66e-05	1.0	0.0811	-9.456	1.0	0.0263	102.277	0.308
32k3OLmeIWe93KY0QzMmZX	Time Escaping	Big Thief	54	0.751	0.672	228522.0	0.875	0.000209	10.0	0.162	-6.022	0.0	0.135	157.692	0.905
4AA4xt0NvJCUaJYh9SoZ1y	Paul	Big Thief	63	0.199	0.446	183895.0	0.263	0.000305	11.0	0.109	-11.541	1.0	0.0403	123.696	0.168
0jWgAnTrNZmOGmqgvHhZEm	What's Up?	4 Non Blondes	81	0.161	0.565	295533.0	0.564	0.0	2.0	0.114	-10.044	1.0	0.0292	134.355	0.454
4LRPiXqCikLlN15c3yImP7	As It Was	Harry Styles	99	0.342	0.52	167303.0	0.731	0.00101	6.0	0.311	-5.338	0.0	0.0557	173.93	0.662
5MFBgS4j9HMn04mRPrdAr2	Blurred View	Big Thief	48	0.44	0.438	246769.0	0.47	0.632	10.0	0.102	-10.848	0.0	0.294	152.92	0.5
3qNf31pEZJRN9FJN1Ax0BJ	Dried Roses	Big Thief	47	0.865	0.56	155650.0	0.187	6.11e-06	11.0	0.118	-10.4	1.0	0.0351	113.054	0.316
7KIXAzdiG2Pae7spgsklZo	Running Up That Hill - Recorded at Spotify Studios Stockholm	First Aid Kit	56	0.037	0.523	236493.0	0.403	0.0	0.0	0.23	-10.395	0.0	0.0276	108.976	0.0984
2h0O3uXZW6ClktlgHWGpjy	Acolyte	Slaughter Beach, Dog	64	0.782	0.79	316468.0	0.476	0.0942	9.0	0.113	-10.674	1.0	0.0338	123.977	0.774
5Uou8idst1XJc0F6MRAk5S	I Don't Live Here Anymore (feat. Lucius)	The War On Drugs	60	0.00327	0.476	327547.0	0.867	3.42e-06	5.0	0.0962	-3.982	1.0	0.037	110.026	0.466
05daxiDLRI9gEy8xmtvgpv	Wolf	First Aid Kit	53	0.0594	0.522	220333.0	0.746	0.00103	8.0	0.257	-6.999	1.0	0.0422	102.093	0.404
3Q6VfeIZ1bTjWiNe2Or4LQ	Spud Infinity	Big Thief	54	0.157	0.562	334802.0	0.633	0.000419	10.0	0.16	-6.228	1.0	0.0331	132.122	0.562
0ojbjct5B5T4z4EkOYUGAt	Love Love Love	Big Thief	47	0.445	0.426	253670.0	0.828	0.0067	11.0	0.314	-5.518	0.0	0.0489	149.72	0.659
3tzlgaWjqZJX0fq2hiQW62	Put Me in the Ground (feat. Austin Sawyer)	Daniel Nunnelee	56	0.0514	0.57	266668.0	0.368	0.0	0.0	0.108	-9.128	1.0	0.0329	139.937	0.136
2FwDApgXk91kXvqy2oB7dz	Simulation Swarm	Big Thief	62	0.446	0.703	252734.0	0.578	0.0024	1.0	0.102	-9.103	1.0	0.0728	105.204	0.67
3HAgxyWGeJtIVabS2mTREt	Vagabond	Caamp	71	0.766	0.571	129464.0	0.399	0.0146	4.0	0.0926	-11.919	1.0	0.0364	141.922	0.611
3UN7R1teOKhmB8SnxtwiPK	Dragon New Warm Mountain I Believe in You	Big Thief	52	0.766	0.312	283764.0	0.471	0.0185	6.0	0.162	-11.464	0.0	0.0353	173.699	0.38
6K8VQ84MqhsoakN5MjrnVR	Supercut	Lorde	71	0.219	0.562	277506.0	0.437	2.18e-05	0.0	0.0806	-10.229	1.0	0.052	124.852	0.15
2A4eOWCeNZHFQnLEEJKuZX	Lost in My Mind	The Head And The Heart	63	0.434	0.368	259120.0	0.514	0.000192	2.0	0.286	-9.124	1.0	0.0291	95.335	0.371
3ag4ODA4AwOhHG5pGcX0Lk	Hallelujah - Bonus Track	HAIM	50	0.811	0.258	190933.0	0.376	6.59e-05	8.0	0.107	-6.876	1.0	0.0304	188.319	0.531
3hMHG6lx9QHVcfYSUr5PoM	"Danger Zone - From ""Top Gun"" Original Soundtrack"	Kenny Loggins	75	0.154	0.552	216347.0	0.871	1.12e-06	3.0	0.142	-7.251	0.0	0.0369	156.786	0.737
3nsfB1vus2qaloUdcBZvDu	All Too Well (Taylor's Version)	Taylor Swift	75	0.0171	0.44	329160.0	0.528	0.00203	0.0	0.234	-7.809	1.0	0.0317	185.972	0.132
3pMTFpbool5GOxvoc2QJth	Flower of Blood	Big Thief	49	0.0685	0.254	264547.0	0.93	0.602	2.0	0.291	-5.944	1.0	0.0797	153.082	0.473
4Dvkj6JhhA12EX05fT7y2e	As It Was	Harry Styles	95	0.342	0.52	167303.0	0.731	0.00101	6.0	0.311	-5.338	0.0	0.0557	173.93	0.662
5T8OICEqdqbx8Uz7L5abkH	Now I'm In It - Bonus Track	HAIM	58	0.384	0.717	204280.0	0.707	0.000117	4.0	0.161	-9.495	1.0	0.0628	105.014	0.206
2lBEWXP11gpEySIXgA5ALH	Fire	Waxahatchee	53	0.674	0.5	217373.0	0.451	6.93e-06	7.0	0.138	-11.81	1.0	0.0529	84.566	0.186
1VSngtLdJhrlfHkLxTyOXK	King	Florence + The Machine	66	0.142	0.73	280131.0	0.445	0.00109	6.0	0.107	-8.376	0.0	0.0446	105.976	0.075
3Cx4yrFaX8CeHwBMReOWXI	We Didn't Start the Fire	Billy Joel	76	0.0771	0.712	287733.0	0.967	0.0	7.0	0.356	-5.206	1.0	0.047	145.024	0.895
0SnCZci0wyVj0RZXknNaWq	Lemon Tree	Mt. Joy	61	0.55	0.365	248560.0	0.748	0.503	10.0	0.303	-9.145	1.0	0.0881	121.285	0.475
0vQYe6g8bNbdUKnUnXdQQV	My Love - Edit	Florence + The Machine	69	0.00127	0.534	177511.0	0.87	0.0	9.0	0.355	-4.428	0.0	0.075	121.841	0.328
4DtQQ82VSTgYfsCBSxvK9k	Rae Street	Courtney Barnett	48	0.00413	0.559	271207.0	0.741	5.97e-05	0.0	0.0915	-7.272	1.0	0.0304	97.011	0.509
74oXlQPr6x05HDrGVaiYXZ	Naked in Manhattan	Chappell Roan	57	0.0835	0.771	211058.0	0.704	0.0	1.0	0.0935	-5.098	1.0	0.0315	118.01	0.55
4ZtFanR9U6ndgddUvNcjcG	good 4 u	Olivia Rodrigo	91	0.335	0.563	178147.0	0.664	0.0	9.0	0.0849	-5.044	1.0	0.154	166.928	0.688
08unC8N1V1dEcqiyi06g6W	Dead of Night	Orville Peck	66	0.811	0.491	239001.0	0.549	0.361	2.0	0.0606	-11.608	1.0	0.0546	99.683	0.48
0nrRP2bk19rLc0orkWPQk2	Wake Me Up	Avicii	86	0.0038	0.532	247427.0	0.783	0.0012	2.0	0.161	-5.697	1.0	0.0523	124.08	0.643
1BzxTvgMM5Ve4acPQHYfL3	The Only Place	Big Thief	46	0.927	0.45	194252.0	0.248	0.00025	4.0	0.107	-10.705	1.0	0.0353	117.405	0.37
